{
"skeleton": {
	"hash": "HA6XXyZjFQI",
	"spine": "4.2.43",
	"x": -129,
	"y": -129,
	"width": 258,
	"height": 258,
	"images": "D:/Warfreaks/Animation/freespin/Spine/output/",
	"audio": "./audio"
},
"bones": [
	{ "name": "root" }
],
"slots": [
	{ "name": "symbol_effects2", "bone": "root", "attachment": "symbol_fx_KA_12" },
	{ "name": "symbol_effects", "bone": "root", "attachment": "symbol_fx_KA_12", "blend": "additive" }
],
"skins": [
	{
		"name": "default",
		"attachments": {
			"symbol_effects": {
				"symbol_fx_KA_01": { "width": 258, "height": 258 },
				"symbol_fx_KA_02": { "width": 258, "height": 258 },
				"symbol_fx_KA_03": { "width": 258, "height": 258 },
				"symbol_fx_KA_04": { "width": 258, "height": 258 },
				"symbol_fx_KA_05": { "width": 258, "height": 258 },
				"symbol_fx_KA_06": { "width": 258, "height": 258 },
				"symbol_fx_KA_07": { "width": 258, "height": 258 },
				"symbol_fx_KA_08": { "width": 258, "height": 258 },
				"symbol_fx_KA_09": { "width": 258, "height": 258 },
				"symbol_fx_KA_10": { "width": 258, "height": 258 },
				"symbol_fx_KA_11": { "width": 258, "height": 258 },
				"symbol_fx_KA_12": { "width": 258, "height": 258 }
			},
			"symbol_effects2": {
				"symbol_fx_KA_01": { "width": 258, "height": 258 },
				"symbol_fx_KA_02": { "width": 258, "height": 258 },
				"symbol_fx_KA_03": { "width": 258, "height": 258 },
				"symbol_fx_KA_04": { "width": 258, "height": 258 },
				"symbol_fx_KA_05": { "width": 258, "height": 258 },
				"symbol_fx_KA_06": { "width": 258, "height": 258 },
				"symbol_fx_KA_07": { "width": 258, "height": 258 },
				"symbol_fx_KA_08": { "width": 258, "height": 258 },
				"symbol_fx_KA_09": { "width": 258, "height": 258 },
				"symbol_fx_KA_10": { "width": 258, "height": 258 },
				"symbol_fx_KA_11": { "width": 258, "height": 258 },
				"symbol_fx_KA_12": { "width": 258, "height": 258 }
			}
		}
	}
],
"animations": {
	"effects_symbols": {
		"slots": {
			"symbol_effects": {
				"alpha": [
					{ "value": 1 },
					{ "time": 0.3333, "value": 0.8016 },
					{ "time": 0.6667, "value": 1 },
					{ "time": 1, "value": 0.8016 },
					{ "time": 1.3333, "value": 1 },
					{ "time": 1.6667, "value": 0.8016 },
					{ "time": 2, "value": 1 },
					{ "time": 2.3333, "value": 0.8016 }
				],
				"rgb": [
					{ "color": "ffffff" },
					{ "time": 0.3333, "color": "a7fc7a" },
					{ "time": 0.6667, "color": "ffffff" },
					{ "time": 1, "color": "fc7add" },
					{ "time": 1.3333, "color": "ffffff" },
					{ "time": 1.6667, "color": "fc7ac3" },
					{ "time": 2, "color": "ffffff" },
					{ "time": 2.3333, "color": "a7fc7a" }
				],
				"attachment": [
					{ "name": "symbol_fx_KA_01" },
					{ "time": 0.0333, "name": "symbol_fx_KA_02" },
					{ "time": 0.0667, "name": "symbol_fx_KA_03" },
					{ "time": 0.1, "name": "symbol_fx_KA_04" },
					{ "time": 0.1333, "name": "symbol_fx_KA_05" },
					{ "time": 0.1667, "name": "symbol_fx_KA_06" },
					{ "time": 0.2, "name": "symbol_fx_KA_07" },
					{ "time": 0.2333, "name": "symbol_fx_KA_08" },
					{ "time": 0.2667, "name": "symbol_fx_KA_09" },
					{ "time": 0.3, "name": "symbol_fx_KA_10" },
					{ "time": 0.3333, "name": "symbol_fx_KA_11" },
					{ "time": 0.3667, "name": "symbol_fx_KA_12" },
					{ "time": 0.4, "name": "symbol_fx_KA_01" },
					{ "time": 0.4333, "name": "symbol_fx_KA_02" },
					{ "time": 0.4667, "name": "symbol_fx_KA_03" },
					{ "time": 0.5, "name": "symbol_fx_KA_04" },
					{ "time": 0.5333, "name": "symbol_fx_KA_05" },
					{ "time": 0.5667, "name": "symbol_fx_KA_06" },
					{ "time": 0.6, "name": "symbol_fx_KA_07" },
					{ "time": 0.6333, "name": "symbol_fx_KA_08" },
					{ "time": 0.6667, "name": "symbol_fx_KA_09" },
					{ "time": 0.7, "name": "symbol_fx_KA_10" },
					{ "time": 0.7333, "name": "symbol_fx_KA_11" },
					{ "time": 0.7667, "name": "symbol_fx_KA_12" },
					{ "time": 0.8, "name": "symbol_fx_KA_01" },
					{ "time": 0.8333, "name": "symbol_fx_KA_02" },
					{ "time": 0.8667, "name": "symbol_fx_KA_03" },
					{ "time": 0.9, "name": "symbol_fx_KA_04" },
					{ "time": 0.9333, "name": "symbol_fx_KA_05" },
					{ "time": 0.9667, "name": "symbol_fx_KA_06" },
					{ "time": 1, "name": "symbol_fx_KA_07" },
					{ "time": 1.0333, "name": "symbol_fx_KA_08" },
					{ "time": 1.0667, "name": "symbol_fx_KA_09" },
					{ "time": 1.1, "name": "symbol_fx_KA_10" },
					{ "time": 1.1333, "name": "symbol_fx_KA_11" },
					{ "time": 1.1667, "name": "symbol_fx_KA_12" },
					{ "time": 1.2, "name": "symbol_fx_KA_01" },
					{ "time": 1.2333, "name": "symbol_fx_KA_02" },
					{ "time": 1.2667, "name": "symbol_fx_KA_03" },
					{ "time": 1.3, "name": "symbol_fx_KA_04" },
					{ "time": 1.3333, "name": "symbol_fx_KA_05" },
					{ "time": 1.3667, "name": "symbol_fx_KA_06" },
					{ "time": 1.4, "name": "symbol_fx_KA_07" },
					{ "time": 1.4333, "name": "symbol_fx_KA_08" },
					{ "time": 1.4667, "name": "symbol_fx_KA_09" },
					{ "time": 1.5, "name": "symbol_fx_KA_10" },
					{ "time": 1.5333, "name": "symbol_fx_KA_11" },
					{ "time": 1.5667, "name": "symbol_fx_KA_12" },
					{ "time": 1.6, "name": "symbol_fx_KA_01" },
					{ "time": 1.6333, "name": "symbol_fx_KA_02" },
					{ "time": 1.6667, "name": "symbol_fx_KA_03" },
					{ "time": 1.7, "name": "symbol_fx_KA_04" },
					{ "time": 1.7333, "name": "symbol_fx_KA_05" },
					{ "time": 1.7667, "name": "symbol_fx_KA_06" },
					{ "time": 1.8, "name": "symbol_fx_KA_07" },
					{ "time": 1.8333, "name": "symbol_fx_KA_08" },
					{ "time": 1.8667, "name": "symbol_fx_KA_09" },
					{ "time": 1.9, "name": "symbol_fx_KA_10" },
					{ "time": 1.9333, "name": "symbol_fx_KA_11" },
					{ "time": 1.9667, "name": "symbol_fx_KA_12" },
					{ "time": 2, "name": "symbol_fx_KA_01" },
					{ "time": 2.0333, "name": "symbol_fx_KA_02" },
					{ "time": 2.0667, "name": "symbol_fx_KA_03" },
					{ "time": 2.1, "name": "symbol_fx_KA_04" },
					{ "time": 2.1333, "name": "symbol_fx_KA_05" },
					{ "time": 2.1667, "name": "symbol_fx_KA_06" },
					{ "time": 2.2, "name": "symbol_fx_KA_07" },
					{ "time": 2.2333, "name": "symbol_fx_KA_08" },
					{ "time": 2.2667, "name": "symbol_fx_KA_09" },
					{ "time": 2.3, "name": "symbol_fx_KA_10" },
					{ "time": 2.3333, "name": "symbol_fx_KA_11" },
					{ "time": 2.3667, "name": "symbol_fx_KA_12" }
				]
			},
			"symbol_effects2": {
				"attachment": [
					{ "name": "symbol_fx_KA_01" },
					{ "time": 0.0333, "name": "symbol_fx_KA_02" },
					{ "time": 0.0667, "name": "symbol_fx_KA_03" },
					{ "time": 0.1, "name": "symbol_fx_KA_04" },
					{ "time": 0.1333, "name": "symbol_fx_KA_05" },
					{ "time": 0.1667, "name": "symbol_fx_KA_06" },
					{ "time": 0.2, "name": "symbol_fx_KA_07" },
					{ "time": 0.2333, "name": "symbol_fx_KA_08" },
					{ "time": 0.2667, "name": "symbol_fx_KA_09" },
					{ "time": 0.3, "name": "symbol_fx_KA_10" },
					{ "time": 0.3333, "name": "symbol_fx_KA_11" },
					{ "time": 0.3667, "name": "symbol_fx_KA_12" },
					{ "time": 0.4, "name": "symbol_fx_KA_01" },
					{ "time": 0.4333, "name": "symbol_fx_KA_02" },
					{ "time": 0.4667, "name": "symbol_fx_KA_03" },
					{ "time": 0.5, "name": "symbol_fx_KA_04" },
					{ "time": 0.5333, "name": "symbol_fx_KA_05" },
					{ "time": 0.5667, "name": "symbol_fx_KA_06" },
					{ "time": 0.6, "name": "symbol_fx_KA_07" },
					{ "time": 0.6333, "name": "symbol_fx_KA_08" },
					{ "time": 0.6667, "name": "symbol_fx_KA_09" },
					{ "time": 0.7, "name": "symbol_fx_KA_10" },
					{ "time": 0.7333, "name": "symbol_fx_KA_11" },
					{ "time": 0.7667, "name": "symbol_fx_KA_12" },
					{ "time": 0.8, "name": "symbol_fx_KA_01" },
					{ "time": 0.8333, "name": "symbol_fx_KA_02" },
					{ "time": 0.8667, "name": "symbol_fx_KA_03" },
					{ "time": 0.9, "name": "symbol_fx_KA_04" },
					{ "time": 0.9333, "name": "symbol_fx_KA_05" },
					{ "time": 0.9667, "name": "symbol_fx_KA_06" },
					{ "time": 1, "name": "symbol_fx_KA_07" },
					{ "time": 1.0333, "name": "symbol_fx_KA_08" },
					{ "time": 1.0667, "name": "symbol_fx_KA_09" },
					{ "time": 1.1, "name": "symbol_fx_KA_10" },
					{ "time": 1.1333, "name": "symbol_fx_KA_11" },
					{ "time": 1.1667, "name": "symbol_fx_KA_12" },
					{ "time": 1.2, "name": "symbol_fx_KA_01" },
					{ "time": 1.2333, "name": "symbol_fx_KA_02" },
					{ "time": 1.2667, "name": "symbol_fx_KA_03" },
					{ "time": 1.3, "name": "symbol_fx_KA_04" },
					{ "time": 1.3333, "name": "symbol_fx_KA_05" },
					{ "time": 1.3667, "name": "symbol_fx_KA_06" },
					{ "time": 1.4, "name": "symbol_fx_KA_07" },
					{ "time": 1.4333, "name": "symbol_fx_KA_08" },
					{ "time": 1.4667, "name": "symbol_fx_KA_09" },
					{ "time": 1.5, "name": "symbol_fx_KA_10" },
					{ "time": 1.5333, "name": "symbol_fx_KA_11" },
					{ "time": 1.5667, "name": "symbol_fx_KA_12" },
					{ "time": 1.6, "name": "symbol_fx_KA_01" },
					{ "time": 1.6333, "name": "symbol_fx_KA_02" },
					{ "time": 1.6667, "name": "symbol_fx_KA_03" },
					{ "time": 1.7, "name": "symbol_fx_KA_04" },
					{ "time": 1.7333, "name": "symbol_fx_KA_05" },
					{ "time": 1.7667, "name": "symbol_fx_KA_06" },
					{ "time": 1.8, "name": "symbol_fx_KA_07" },
					{ "time": 1.8333, "name": "symbol_fx_KA_08" },
					{ "time": 1.8667, "name": "symbol_fx_KA_09" },
					{ "time": 1.9, "name": "symbol_fx_KA_10" },
					{ "time": 1.9333, "name": "symbol_fx_KA_11" },
					{ "time": 1.9667, "name": "symbol_fx_KA_12" },
					{ "time": 2, "name": "symbol_fx_KA_01" },
					{ "time": 2.0333, "name": "symbol_fx_KA_02" },
					{ "time": 2.0667, "name": "symbol_fx_KA_03" },
					{ "time": 2.1, "name": "symbol_fx_KA_04" },
					{ "time": 2.1333, "name": "symbol_fx_KA_05" },
					{ "time": 2.1667, "name": "symbol_fx_KA_06" },
					{ "time": 2.2, "name": "symbol_fx_KA_07" },
					{ "time": 2.2333, "name": "symbol_fx_KA_08" },
					{ "time": 2.2667, "name": "symbol_fx_KA_09" },
					{ "time": 2.3, "name": "symbol_fx_KA_10" },
					{ "time": 2.3333, "name": "symbol_fx_KA_11" },
					{ "time": 2.3667, "name": "symbol_fx_KA_12" }
				]
			}
		}
	}
}
}