{"skeleton":{"hash":"YnlAD4/cLE0","spine":"4.2.43","x":-250,"y":-250,"width":500,"height":500,"images":"../","audio":"./audio"},"bones":[{"name":"root"}],"slots":[{"name":"Explosions_00000","bone":"root","attachment":"Explosions_"}],"skins":[{"name":"default","attachments":{"Explosions_00000":{"Explosions_":{"width":500,"height":500,"sequence":{"count":21,"start":0,"digits":5}}}}}],"animations":{"animation":{"attachments":{"default":{"Explosions_00000":{"Explosions_":{"sequence":[{"mode":"loop","delay":0.0417},{"time":0.8333,"mode":"loop"}]}}}}}}}