{"skeleton":{"hash":"gZfG3bJi6Nk","spine":"4.2.43","x":-252.06,"y":1.65,"width":512.24,"height":508.21,"images":"./output/","audio":"./audio"},"bones":[{"name":"Symbol0_KA","y":1.34},{"name":"effects","parent":"Symbol0_KA","y":263.76,"icon":"fire"},{"name":"kobi_body","parent":"Symbol0_KA","length":115.86,"rotation":90.79,"x":-3.36,"y":9.34},{"name":"kobi_body2","parent":"kobi_body","length":68.57,"rotation":-2.12,"x":125.65,"y":16.34},{"name":"kobi_body3","parent":"kobi_body","length":70.89,"rotation":74.45,"x":103.39,"y":20.83},{"name":"kobi_body4","parent":"kobi_body","length":56.21,"rotation":-75.44,"x":103.42,"y":-15.84},{"name":"kobi_body5","parent":"kobi_body3","length":95.02,"rotation":99.31,"x":88.71,"y":17.89},{"name":"kobi_body6","parent":"kobi_body4","length":75.31,"rotation":-96.42,"x":51.01,"y":-18.96},{"name":"kobi_head","parent":"kobi_body2","length":218.11,"rotation":-0.03,"x":55.13,"y":-23.48},{"name":"kobi_head2","parent":"kobi_head","rotation":0.37,"x":73.37,"y":-0.29,"icon":"arrowsB"},{"name":"kobi_head3","parent":"kobi_head","rotation":-1.13,"x":72.6,"y":74.57,"icon":"ik"},{"name":"kobi_head4","parent":"kobi_head","rotation":-0.71,"x":74.1,"y":-61.21,"icon":"ik"},{"name":"kobi_head5","parent":"kobi_head","length":25.72,"rotation":3.46,"x":204,"y":53.61},{"name":"kobi_head6","parent":"kobi_head","length":24.5,"rotation":-0.5,"x":202.86,"y":-37.64},{"name":"kobi_hand","parent":"kobi_body6","length":72.6,"rotation":160.11,"x":62.9,"y":-3.69},{"name":"kobi_hand2","parent":"kobi_hand","length":30.06,"rotation":9.3,"x":107.18,"y":5.01},{"name":"kobi_hand3","parent":"kobi_hand2","length":23.53,"rotation":-0.46,"x":33.12,"y":-0.35},{"name":"kobi_hand4","parent":"kobi_hand","length":39.74,"rotation":-56.83,"x":86.45,"y":-5.88},{"name":"kobi_hand5","parent":"kobi_hand4","length":56.14,"rotation":38.54,"x":48.87,"y":-0.67},{"name":"bone","parent":"kobi_head","x":126.69,"y":4.13},{"name":"scatter","parent":"Symbol0_KA","rotation":0.09,"y":67.69},{"name":"Symbol0_KA_S","parent":"scatter","length":99.18,"rotation":90.32,"x":-161.6,"y":-47.69},{"name":"Symbol0_KA_C","parent":"scatter","length":98.08,"rotation":89.68,"x":-108.7,"y":-46.04},{"name":"Symbol0_KA_A","parent":"scatter","length":94.23,"rotation":90.34,"x":-56.36,"y":-41.63},{"name":"Symbol0_KA_T_02","parent":"scatter","length":98.23,"rotation":90,"x":-4.4,"y":-42.33},{"name":"Symbol0_KA_T_01","parent":"scatter","length":97.34,"rotation":90,"x":44.31,"y":-41.75},{"name":"Symbol0_KA_E","parent":"scatter","length":97.36,"rotation":91.08,"x":98.27,"y":-43.1},{"name":"Symbol0_KA_R","parent":"scatter","length":98.15,"rotation":91.07,"x":153.89,"y":-43.98},{"name":"Symbol0_KA_coffee_01","parent":"kobi_hand","rotation":-10.2,"x":184.64,"y":-18.64,"icon":"ik"},{"name":"coffee_rotate","parent":"Symbol0_KA","x":4.54,"y":262.43},{"name":"effects_rotate","parent":"Symbol0_KA","rotation":-894.54,"y":254.25,"color":"9b9b9b00","icon":"gear"},{"name":"kobi_coffee","parent":"coffee_rotate","rotation":147.36,"x":-174.21,"y":60.76,"icon":"handLeft"},{"name":"kobi_coffee2","parent":"coffee_rotate","rotation":44.31,"x":-131.1,"y":139.77,"icon":"handRight"},{"name":"kobi_coffee3","parent":"coffee_rotate","rotation":159.62,"x":-50.38,"y":198.99,"icon":"handLeft"},{"name":"kobi_coffee4","parent":"coffee_rotate","rotation":50.1,"x":42.63,"y":187.15,"icon":"handRight"},{"name":"kobi_coffee5","parent":"coffee_rotate","rotation":-35.86,"x":129.05,"y":155.56,"icon":"handRight"}],"slots":[{"name":"effects_slot","bone":"effects","attachment":"M15 (7)","blend":"additive"},{"name":"RotateLight_006","bone":"effects_rotate","attachment":"RotateLight_006","blend":"additive"},{"name":"effects_slot2","bone":"effects","attachment":"M15 (7)"},{"name":"RotateLight_007","bone":"effects_rotate","attachment":"RotateLight_006"},{"name":"kobi_coffee","bone":"kobi_coffee5","attachment":"kobi_coffee"},{"name":"kobi_body","bone":"kobi_body6","attachment":"kobi_body"},{"name":"kobi_head","bone":"kobi_head6","attachment":"kobi_head"},{"name":"kobi_hand","bone":"kobi_hand5","attachment":"kobi_hand"},{"name":"Symbol0_KA_coffee_01","bone":"Symbol0_KA_coffee_01","attachment":"Symbol0_KA_coffee_01"},{"name":"Symbol0_KA_lower","bone":"Symbol0_KA","attachment":"Symbol0_KA_lower"},{"name":"Symbol0_KA_S","bone":"Symbol0_KA_S","attachment":"Symbol0_KA_S"},{"name":"Symbol0_KA_C","bone":"Symbol0_KA_C","attachment":"Symbol0_KA_C"},{"name":"Symbol0_KA_T_02","bone":"Symbol0_KA_T_02","attachment":"Symbol0_KA_T_02"},{"name":"Symbol0_KA_T_01","bone":"Symbol0_KA_T_01","attachment":"Symbol0_KA_T_01"},{"name":"Symbol0_KA_E","bone":"Symbol0_KA_E","attachment":"Symbol0_KA_E"},{"name":"Symbol0_KA_R","bone":"Symbol0_KA_R","attachment":"Symbol0_KA_R"},{"name":"kobi_eyes","bone":"bone","attachment":"kobi_eyes_open"},{"name":"Symbol0_KA_A","bone":"Symbol0_KA_A","attachment":"Symbol0_KA_A"}],"skins":[{"name":"default","attachments":{"effects_slot":{"M15 (1)":{"x":-23.56,"y":5,"width":457,"height":372},"M15 (2)":{"x":-21.56,"width":453,"height":376},"M15 (3)":{"x":21.44,"y":-10,"width":367,"height":356},"M15 (4)":{"x":12.94,"y":1,"width":384,"height":378},"M15 (5)":{"x":-0.56,"y":10,"width":411,"height":396},"M15 (6)":{"x":-13.56,"y":15.5,"width":437,"height":407},"M15 (7)":{"x":-23.56,"y":6.5,"width":457,"height":389}},"effects_slot2":{"M15 (1)":{"x":-23.56,"y":5,"width":457,"height":372},"M15 (2)":{"x":-21.56,"width":453,"height":376},"M15 (3)":{"x":21.44,"y":-10,"width":367,"height":356},"M15 (4)":{"x":12.94,"y":1,"width":384,"height":378},"M15 (5)":{"x":-0.56,"y":10,"width":411,"height":396},"M15 (6)":{"x":-13.56,"y":15.5,"width":437,"height":407},"M15 (7)":{"x":-23.56,"y":6.5,"width":457,"height":389}},"kobi_body":{"kobi_body":{"type":"mesh","uvs":[0.29628,1.0E-5,0.73857,0.11656,0.71742,0.21761,0.7802,0.29535,0.85833,0.36163,0.92897,0.43201,0.95198,0.58189,0.95575,0.6587,0.96965,0.72017,0.84297,0.79832,0.74867,0.85346,0.58356,0.89935,0.52476,0.86948,0.45533,0.83584,0.39772,0.79959,0.33861,0.75995,0.23653,0.69266,0.11605,0.61474,0.05688,0.55913,0.0587,0.51689,0.08518,0.40606,0.1801,0.34136,0.21703,0.29286,0.23478,0.24051,0.25568,0.1903,0.2988,0.15741,0.30094,0.1282,0.16762,0.44546,0.20864,0.52916,0.23043,0.61131,0.1264,0.42576,0.10964,0.52395,0.85296,0.39674,0.86067,0.47719,0.85489,0.60894,0.84814,0.68239,0.33787,0.23388,0.3318,0.26811,0.36011,0.31579,0.40864,0.37203,0.44402,0.40748,0.44908,0.47473,0.59971,0.67523,0.55506,0.59794,0.51092,0.53241,0.47882,0.50615],"triangles":[9,10,35,8,35,7,8,9,35,35,10,42,35,34,7,35,42,34,34,42,33,34,6,7,34,33,6,33,43,3,33,5,6,33,32,5,41,15,29,17,29,16,16,29,15,18,31,17,17,28,29,17,31,28,28,41,29,18,19,31,31,27,28,28,27,22,31,30,27,30,31,20,31,19,20,27,30,21,30,20,21,33,3,32,44,2,3,32,4,5,32,3,4,2,36,26,36,25,26,2,26,1,26,0,1,14,45,44,14,15,45,15,41,45,40,41,39,28,39,41,39,28,38,38,22,37,37,22,23,28,22,38,2,44,40,22,27,21,40,44,45,45,41,40,40,39,2,2,39,36,37,36,38,39,38,36,23,24,37,37,24,36,36,24,25,10,11,42,11,12,42,12,13,42,42,13,43,13,14,43,14,44,43,33,42,43,43,44,3],"vertices":[4,2,204.37,74.87,1.2E-4,4,79.58,-82.67,0.17722,3,76.5,61.4,0.82239,5,-62.86,120.64,2.7E-4,4,2,177.73,-39.78,0.07524,4,-38.01,-87.75,9.0E-5,3,54.12,-54.15,0.74162,5,41.4,66.03,0.18305,4,2,156.08,-33.96,0.10637,4,-38.21,-65.34,5.0E-5,3,32.27,-49.14,0.58879,5,30.33,46.54,0.30479,4,2,139.15,-50.06,0.07933,4,-58.26,-53.33,1.0E-5,3,15.94,-65.85,0.1704,5,41.65,26.1,0.75025,4,2,124.62,-70.2,7.8E-4,4,-81.55,-44.74,0,3,2.17,-86.52,0.00184,5,57.49,6.97,0.99738,2,5,71.19,-12.48,0.44842,7,-8.7,19.33,0.55158,1,7,24.06,20.24,1,1,7,40.53,18.64,1,1,7,54.14,20.16,1,5,2,32.99,-63.59,0.12022,4,-100.21,45.18,0.00677,5,28.51,-80.17,0.00221,6,57.5,182.02,0.04605,7,63.34,-15.51,0.82475,5,2,26.92,-36.73,0.23708,4,-75.96,58.24,0.02353,5,0.99,-79.29,1.0E-5,6,66.46,155.98,0.16015,7,65.55,-42.96,0.57923,5,2,23.23,8.54,0.41054,4,-33.33,73.93,0.04074,5,-43.76,-71.48,2.0E-5,6,75.05,111.37,0.27733,7,62.79,-88.3,0.27138,5,2,27.6,22.81,0.39631,4,-18.42,73.55,0.04862,5,-56.47,-63.67,1.0E-5,6,72.26,96.72,0.35684,7,56.44,-101.8,0.19822,5,2,32.79,39.83,0.36722,4,-0.63,73.11,0.04991,5,-71.64,-54.36,0,6,68.95,79.23,0.40933,7,48.89,-117.92,0.17354,5,2,38.22,53.66,0.32807,4,14.15,71.59,0.07288,5,-83.66,-45.63,0,6,65.06,64.9,0.47863,7,41.56,-130.84,0.12042,5,2,44.39,67.92,0.1967,4,29.55,69.47,0.16752,5,-95.91,-36.07,0,6,60.47,50.04,0.56588,7,33.43,-144.08,0.0699,3,2,55.74,92.47,0.08077,4,56.69,65.23,0.13605,6,51.9,23.94,0.78318,2,2,72.87,124,0,6,38.27,-8.8,1,2,2,85.03,139.22,0,6,27.83,-25.25,1,1,6,18.74,-25.64,1,2,4,110.4,15.73,0.00305,6,-5.63,-21.06,0.99695,5,2,131.4,106.08,0,4,90.08,-4.01,0.72122,3,2.42,89.89,0.00915,5,-111.41,57.86,0,6,-21.83,2.19,0.26963,5,2,141.7,96.34,0,4,83.46,-16.54,0.89909,3,13.07,80.54,0.06223,5,-99.4,65.38,1.0E-5,6,-33.12,10.75,0.03867,5,2,152.89,91.55,1.0E-5,4,81.85,-28.6,0.84654,3,24.43,76.17,0.15129,5,-91.95,75,3.0E-5,6,-44.76,14.29,0.00213,4,2,163.61,85.95,2.0E-5,4,79.33,-40.43,0.73406,3,35.35,70.96,0.26587,5,-83.83,83.97,5.0E-5,4,2,170.52,74.65,4.0E-5,4,70.3,-50.12,0.54299,3,42.68,59.93,0.45688,5,-71.16,87.82,9.0E-5,4,2,176.79,74.03,7.0E-5,4,71.38,-56.33,0.35427,3,48.97,59.54,0.64551,5,-68.98,93.74,1.5E-4,3,2,109.07,109.63,0,4,87.52,18.46,0.011,6,0.76,1.09,0.989,3,2,90.93,99.21,0.00611,4,72.62,33.15,0.17624,6,17.66,13.41,0.81765,3,2,73.19,93.79,0.03585,4,62.64,48.78,0.17447,6,34.71,20.73,0.78968,2,4,98.96,17.1,0.01022,6,-2.44,-9.98,0.98978,1,6,18.99,-12.31,1,5,2,117.09,-68.69,5.0E-5,4,-82.12,-37.08,0,3,-5.41,-85.29,9.0E-5,5,54.14,0.07,0.99929,7,-19.26,0.99,5.7E-4,2,5,51.49,-17.14,0.04628,7,-1.86,0.28,0.95372,3,2,71.46,-68.56,0.01405,5,42.55,-44.06,0.0179,7,25.89,-5.6,0.96805,3,2,55.7,-66.59,0.04792,5,36.67,-58.83,0.01453,7,41.22,-9.79,0.93755,4,2,153.94,64.74,3.0E-5,4,56.31,-36.81,0.58009,3,26.48,49.42,0.41982,5,-65.74,69.28,6.0E-5,4,2,146.61,66.42,2.0E-5,4,55.96,-29.29,0.68359,3,19.09,50.82,0.31635,5,-69.21,62.61,4.0E-5,4,2,136.25,59.2,1.0E-5,4,46.23,-21.25,0.7359,3,9.01,43.22,0.26408,5,-64.82,50.77,2.0E-5,4,2,123.99,46.75,0,4,30.94,-12.78,0.77518,3,-2.79,30.33,0.22482,5,-55.86,35.77,0,3,4,20.11,-7.75,0.82926,3,-10.19,20.96,0.17074,5,-49,25.98,0,3,2,101.77,36.54,0.01924,4,15.15,5.9,0.97249,6,0.07,74.53,0.00827,5,2,58.12,-2.03,0.86621,4,-33.71,37.6,0.1266,5,-25.21,-40.24,6.0E-5,6,39.26,117.62,0.00704,7,29.67,-73.35,9.0E-5,3,2,74.9,9.36,0.86424,4,-18.25,24.49,0.12861,6,23.82,104.48,0.00715,3,2,89.15,20.64,0.36808,4,-3.56,13.79,0.62157,6,10.88,91.72,0.01035,3,2,94.91,28.9,0.11018,4,5.95,10.46,0.87738,6,6.06,82.88,0.01243],"hull":27,"edges":[6,8,8,10,10,12,12,14,38,40,40,42,42,44,44,46,46,48,48,50,50,52,54,56,56,58,58,32,40,60,60,54,60,62,8,64,64,66,66,68,68,70,0,2,52,0,2,4,4,6,52,4,52,72,72,74,74,76,76,78,78,80,80,82,86,84,88,86,88,90,82,90,36,38,36,34,34,32,32,30,30,28,28,26,26,24,24,22,20,22,20,18,14,16,18,16],"width":235,"height":179}},"kobi_coffee":{"kobi_coffee":{"type":"mesh","uvs":[0.38665,0.00746,0.41059,0.00747,0.43453,0.00747,0.47858,0.02714,0.51983,0.07654,0.5364,0.10907,0.54678,0.14565,0.54677,0.21296,0.5393,0.23513,0.53924,0.26822,0.55702,0.26439,0.5636,0.21649,0.58323,0.14706,0.60888,0.09219,0.62885,0.0637,0.65945,0.03658,0.69086,0.02578,0.72415,0.04587,0.74096,0.07137,0.75742,0.1003,0.77006,0.14555,0.77019,0.22227,0.75792,0.27339,0.77364,0.28139,0.78552,0.23887,0.80609,0.20537,0.83253,0.18881,0.88052,0.18885,0.91339,0.21661,0.9429,0.25881,0.9755,0.321,0.9947,0.38951,0.99897,0.43584,0.99428,0.47233,0.98328,0.49208,0.97713,0.52496,0.96859,0.54061,0.95318,0.55879,0.92942,0.56775,0.90215,0.56775,0.86591,0.5531,0.83307,0.52309,0.79368,0.46406,0.77415,0.40036,0.76839,0.36527,0.76843,0.3226,0.77323,0.28409,0.75688,0.27587,0.7402,0.32389,0.69976,0.39564,0.6673,0.42839,0.64779,0.43951,0.6128,0.43956,0.59041,0.42016,0.56335,0.36736,0.55754,0.32128,0.5575,0.26706,0.53898,0.27124,0.53144,0.29812,0.51563,0.32618,0.48142,0.34683,0.42888,0.3465,0.38716,0.32156,0.36566,0.29819,0.34239,0.26361,0.32597,0.28823,0.33074,0.30888,0.34638,0.33701,0.35128,0.37104,0.35005,0.42387,0.3319,0.49513,0.29339,0.57571,0.25583,0.61663,0.22966,0.62972,0.21274,0.62974,0.19583,0.62977,0.18171,0.62137,0.17222,0.65017,0.21164,0.69832,0.23627,0.74228,0.24977,0.77414,0.25646,0.81,0.25635,0.87246,0.245,0.91288,0.23652,0.94307,0.22373,0.97026,0.20074,0.9907,0.17609,0.99729,0.15883,0.99741,0.12318,0.98744,0.08603,0.9544,0.07297,0.94279,0.05451,0.91774,0.02625,0.86735,0.00901,0.82063,0.00137,0.76878,0.00269,0.7252,0.01233,0.68722,0.02409,0.65044,0.04237,0.62235,0.06686,0.6067,0.10218,0.60481,0.13399,0.61824,0.17062,0.64837,0.18003,0.61968,0.15399,0.58259,0.1436,0.55577,0.13807,0.52615,0.13619,0.48409,0.13892,0.42582,0.15337,0.36563,0.16825,0.32635,0.20054,0.26817,0.24599,0.22853,0.28288,0.22862,0.30217,0.24001,0.32523,0.28553,0.34072,0.26067,0.32203,0.20954,0.31675,0.18201,0.31678,0.1417,0.32173,0.10766,0.32978,0.06936,0.34806,0.0355,0.36431,0.0209,0.21757,0.88147,0.18561,0.84456,0.15042,0.80708,0.12767,0.78152,0.13386,0.7888,0.11783,0.77084,0.08876,0.73631,0.05938,0.70543,0.30389,0.34258,0.26908,0.39022,0.23346,0.44941,0.19865,0.51582,0.1776,0.55696,0.18812,0.53639,0.49888,0.20851,0.45452,0.18386,0.41144,0.16207,0.36579,0.13112,0.38862,0.1466,0.71263,0.12517,0.68673,0.17135,0.66201,0.22312,0.62749,0.29798,0.60238,0.35465,0.95164,0.45713,0.93013,0.42718,0.89241,0.37936,0.85734,0.33889,0.82669,0.2979],"triangles":[46,22,23,153,25,26,24,25,153,23,24,153,27,153,26,152,27,28,152,153,27,151,152,28,151,28,29,151,29,30,153,46,23,153,45,46,153,44,45,43,44,153,150,151,30,150,30,31,149,150,31,32,149,31,152,42,43,152,43,153,33,149,32,34,149,33,41,42,152,41,152,151,35,149,34,36,149,35,40,41,151,40,151,150,37,149,36,150,39,40,38,150,149,38,149,37,38,39,150,144,16,17,144,17,18,144,18,19,144,145,15,144,15,16,14,15,145,145,13,14,146,13,145,12,13,146,147,11,12,56,10,11,56,9,10,144,20,21,20,144,19,21,145,144,22,145,21,47,145,22,47,22,46,146,147,12,56,11,147,148,55,56,47,146,145,48,146,47,147,148,56,54,55,148,49,146,48,147,146,49,53,54,148,50,147,49,51,148,147,148,52,53,147,50,51,51,52,148,142,124,0,123,124,142,122,123,142,121,122,142,120,121,142,143,0,1,142,0,143,141,1,2,143,1,141,140,2,3,140,3,4,139,140,4,5,139,4,141,2,140,6,139,5,142,119,120,118,119,142,7,139,6,8,139,7,117,118,142,117,142,143,64,117,143,9,139,8,9,58,139,56,57,9,64,116,117,57,58,9,63,64,143,63,143,141,62,63,141,62,141,140,59,139,58,61,62,140,60,61,140,139,60,140,59,60,139,64,65,116,133,115,116,133,116,65,133,65,66,133,134,113,114,133,113,133,114,115,112,113,134,135,111,112,68,66,67,134,135,112,110,111,135,109,110,135,136,108,109,66,69,133,68,69,66,69,134,133,70,134,69,135,136,109,138,107,108,136,138,108,137,106,107,138,137,107,70,135,134,71,135,70,72,136,135,105,106,137,71,72,135,73,138,136,76,104,137,138,76,137,105,137,104,75,76,138,136,72,73,73,74,138,74,75,138,76,103,104,76,77,103,132,99,100,98,99,132,97,98,132,101,132,100,131,101,102,131,132,101,130,131,102,130,102,103,128,130,103,128,103,77,129,128,77,77,127,129,78,127,77,96,132,95,132,96,97,94,95,132,126,127,78,126,78,79,126,79,80,126,80,81,131,93,94,131,94,132,81,125,126,82,125,81,83,125,82,130,92,93,130,93,131,91,92,130,91,130,128,91,128,129,84,125,83,90,91,129,90,129,127,85,125,84,89,90,127,89,127,126,125,87,126,86,125,85,126,88,89,125,86,87,87,88,126],"vertices":[1,33,33.14,-27.75,1,1,33,24.1,-31.11,1,1,33,15.05,-34.46,1,1,33,-3.13,-36.48,1,1,33,-22.6,-31.8,1,1,33,-31.43,-27.23,1,1,33,-38.22,-20.94,1,1,33,-43.52,-6.68,1,1,33,-42.44,-0.93,1,1,33,-45.02,6.09,1,1,34,-36,29.54,1,1,34,-26,34.45,1,1,34,-8.88,38.45,1,1,34,7.26,38.47,1,1,34,17.36,36.43,1,1,34,29.98,30.9,1,1,34,39.97,22.75,1,1,34,45.09,9.55,1,1,34,45.01,0.65,1,1,34,44.25,-8.63,1,1,34,39.67,-19.1,1,1,34,26.4,-30.26,1,1,34,14.37,-33.88,1,1,35,-47.55,-10.84,1,1,35,-49.3,-0.25,1,1,35,-47.02,10.75,1,1,35,-40.57,20.03,1,1,35,-24.9,31.35,1,1,35,-10.49,34.02,1,1,35,4.74,33.26,1,1,35,23.62,29.57,1,1,35,38.96,21.55,1,1,35,46.49,14.08,1,1,35,49.79,6.28,1,1,35,48.82,0.07,1,1,35,51.16,-7.4,1,1,35,50.44,-12.29,1,1,35,47.82,-19.26,1,1,35,41.24,-26.51,1,1,35,32.33,-32.95,1,1,35,18.56,-38.82,1,1,35,3.86,-41.07,1,1,35,-16.82,-39.56,1,1,35,-31.63,-32.51,1,1,35,-38.16,-27.44,1,1,35,-43.8,-19.61,1,1,35,-47.33,-11.43,1,1,34,13.67,-33.91,1,1,34,1.03,-35.72,1,1,34,-21.86,-33.61,1,1,34,-35.93,-28.33,1,1,34,-42.9,-23.91,1,1,34,-51.95,-13.1,1,1,34,-54.38,-3.36,1,1,34,-52.22,12.66,1,1,34,-45.73,21.14,1,1,34,-36.34,29.01,1,1,33,-45.16,6.76,1,1,33,-44.43,13.52,1,1,33,-40.66,21.68,1,1,33,-29.36,30.85,1,1,33,-9.49,38.16,1,1,33,8.24,38.73,1,1,33,18.19,36.79,1,1,33,29.71,32.73,1,1,32,48.22,-0.51,1,1,32,46.34,-5.19,1,2,32,46.41,-14.14,0.97043,33,22.42,47.72,0.02957,1,32,42.45,-21.02,1,1,32,33.75,-29.22,1,1,32,17.27,-35.64,1,1,32,-6.56,-37.83,1,1,32,-23.85,-33.87,1,1,32,-33.46,-28.62,1,1,32,-38.34,-23.86,1,1,32,-43.23,-19.1,1,1,32,-45.97,-13.77,1,1,31,2.99,-34.34,1,1,31,-16.26,-33.75,1,1,31,-29.98,-30.74,1,1,31,-38.44,-27.61,1,2,31,-45.08,-22.24,0.99917,32,-54.19,-65.32,8.3E-4,2,31,-52.66,-10.33,0.99996,32,-64.09,-75.39,4.0E-5,1,31,-53.74,-0.17,1,1,31,-54.54,7.42,1,1,31,-53.51,15.37,1,1,31,-48.2,24.26,1,1,31,-40.64,30.87,1,1,31,-34.8,34.65,1,1,31,-21.49,40.5,1,1,31,-4.85,42.29,1,1,31,1,42.92,1,1,31,10.31,42.16,1,1,31,26.04,38.72,1,1,31,37.59,33.58,1,1,31,46.51,25.37,1,1,31,51.37,16.79,1,1,31,52.73,7.47,1,1,31,53.22,-2.09,1,1,31,50.44,-11.41,1,1,31,44.04,-19.71,1,1,31,32.29,-27.75,1,1,31,19.86,-32.11,1,1,31,3.75,-34.34,1,1,32,-46.19,-13.02,1,1,32,-47.85,0.3,1,1,32,-46.61,7.57,1,1,32,-43.52,13.91,1,1,32,-37.43,21.25,1,2,31,41.64,-69.8,0.00579,32,-27.44,29.9,0.99421,1,32,-13.77,35.57,1,1,32,-3.28,37.73,1,1,32,15.22,38.05,1,1,32,34.58,31.66,1,1,32,45.21,21.26,1,1,32,48.97,13.99,1,1,32,48.43,0.14,1,1,33,30.57,32.34,1,1,33,41.65,24.13,1,1,33,45.81,19.04,1,1,33,48.98,10.5,1,1,33,49.79,2.59,1,1,33,49.76,-6.65,1,1,33,45.52,-16.39,1,1,33,40.53,-21.77,1,1,31,-40.6,-0.18,1,1,31,-25.25,-0.26,1,1,31,-8.74,0.26,1,1,31,2.09,0.34,1,1,31,-0.89,0.38,1,1,31,6.73,0.44,1,1,31,20.81,0.19,1,1,31,34.54,0.7,1,1,32,33.28,-3.08,1,1,32,15.72,-0.99,1,2,31,6.68,-85.86,0.0013,32,-3.9,-0.53,0.9987,2,31,10.4,-65.66,0.01651,32,-24.42,-1.47,0.98349,1,32,-36.99,-2.2,1,1,32,-30.71,-1.83,1,1,33,-25.08,-0.9,1,1,33,-6.38,0.1,1,1,33,11.61,1.53,1,1,33,31.29,1.38,1,1,33,21.45,1.45,1,1,34,28.36,1.61,1,1,34,13.66,2.93,1,1,34,-1.7,3.06,1,1,34,-23.61,2.89,1,1,34,-39.93,2.44,1,1,35,33.85,-1,1,1,35,22.86,-0.59,1,1,35,4.21,-0.74,1,1,35,-12.6,-1.61,1,1,35,-28.04,-1.34,1],"hull":125,"edges":[0,248,4,6,6,8,8,10,10,12,12,14,18,20,20,22,22,24,24,26,26,28,28,30,30,32,38,40,40,42,42,44,44,46,46,48,52,54,54,56,62,64,64,66,66,68,68,70,70,72,72,74,80,82,82,84,84,86,86,88,96,98,98,100,100,102,102,104,104,106,106,108,108,110,110,112,112,114,114,116,116,118,118,120,120,122,122,124,124,126,126,128,132,134,134,136,136,138,138,140,140,142,142,144,144,146,150,152,156,158,158,160,160,162,162,164,170,172,172,174,174,176,176,178,182,184,184,186,186,188,188,190,210,212,212,214,218,220,220,222,222,224,224,226,226,228,228,230,236,238,244,246,246,248,210,208,208,152,206,154,154,156,204,206,202,204,164,166,166,168,168,170,166,250,250,252,178,180,180,182,252,254,154,256,256,182,256,258,254,258,184,260,260,206,256,260,260,262,262,264,264,194,190,192,192,194,194,196,196,198,198,200,200,202,132,266,266,268,268,270,270,272,216,218,214,216,146,148,148,150,272,276,276,274,148,276,206,208,152,154,234,236,230,232,130,132,232,234,128,130,16,18,14,16,16,278,278,280,280,282,0,2,2,4,282,286,286,284,242,244,284,242,238,240,240,242,36,38,36,288,288,290,290,292,292,294,294,296,32,34,34,36,68,298,298,300,300,302,302,304,304,306,88,90,92,90,94,96,92,94,78,80,50,52,48,50,56,58,60,62,58,60,76,78,74,76],"width":403,"height":226}},"kobi_eyes":{"kobi_eyes_close":{"type":"mesh","uvs":[0.24212,0,0.31937,0,0.35462,0.0403,0.39229,0.14135,0.43614,0.33373,0.60363,0.33316,0.62987,0.2045,0.71321,0.01976,0.82765,0.01923,0.90911,0.19942,0.96525,0.38969,1,0.54738,1,0.88152,0.91102,0.98065,0.81273,0.98054,0.75201,0.98047,0.70041,0.89912,0.6423,0.74516,0.61567,0.50829,0.61217,0.40896,0.448,0.40946,0.41566,0.66503,0.3401,0.80054,0.25563,0.95202,0.15996,0.98154,0.10528,0.91791,0.0153,0.71917,3.0E-5,0.66802,2.0E-5,0.61855,0,0.56908,0.09514,0.23216,0.17736,0.05147,0.03195,0.60731,0.16331,0.59444,0.40886,0.43264,0.32662,0.53801,0.10004,0.5872,0.24622,0.59453,0.70506,0.55279,0.90998,0.62201,0.81833,0.61408],"triangles":[19,5,6,20,4,5,20,5,19,34,3,4,34,4,20,38,18,19,35,1,2,35,2,3,35,3,34,38,6,7,38,19,6,33,36,30,32,29,30,31,33,30,35,37,0,35,0,1,31,0,37,33,31,37,36,32,30,40,7,8,40,8,9,38,7,40,28,29,32,39,9,10,40,9,39,21,34,20,35,34,21,26,27,28,32,26,28,17,18,38,22,35,21,39,10,11,12,39,11,16,17,38,15,16,38,25,36,33,32,36,25,26,32,25,22,23,37,22,37,35,40,15,38,14,15,40,13,39,12,40,39,13,14,40,13,24,25,33,24,33,37,24,37,23],"vertices":[7.34,43.58,7.42,31.61,6.04,26.14,2.54,20.27,-4.15,13.43,-3.96,-12.53,0.57,-16.56,7.12,-29.44,7.25,-47.18,1.02,-59.84,-5.58,-68.59,-11.06,-74.01,-22.76,-74.08,-26.32,-60.31,-26.41,-45.08,-26.47,-35.67,-23.67,-27.65,-18.34,-18.61,-10.08,-14.43,-6.61,-13.87,-6.79,11.58,-15.76,16.53,-20.58,28.22,-25.97,41.27,-27.09,56.1,-24.92,64.59,-18.06,78.58,-16.28,80.95,-14.55,80.97,-12.82,80.98,-0.93,66.31,5.48,53.61,-14.12,76.02,-13.54,55.66,-7.64,17.64,-11.41,30.36,-13.35,65.47,-13.46,42.81,-11.55,-28.3,-13.77,-60.07,-13.58,-45.87],"hull":32,"edges":[2,4,4,6,6,8,8,10,10,12,12,14,14,16,16,18,18,20,20,22,22,24,24,26,30,32,32,34,34,36,36,38,38,40,40,42,48,50,50,52,52,54,58,60,60,62,54,56,56,58,42,44,0,2,44,46,46,48,62,0,38,76,26,28,28,30,76,80,80,78],"width":153,"height":33},"kobi_eyes_open":{"type":"mesh","uvs":[0.21788,0.01903,0.32937,0.01906,0.39017,0.14047,0.43844,0.33485,0.6164,0.36115,0.61692,0.24864,0.69166,0.08385,0.7459,0.01856,0.82186,0.02039,0.89066,0.1725,0.94734,0.3418,0.99567,0.55621,0.99564,0.7071,0.99561,0.858,0.97141,0.90368,0.88484,0.98058,0.79204,0.98062,0.74823,0.9535,0.70337,0.88887,0.66034,0.77898,0.63784,0.67842,0.61949,0.4372,0.44512,0.41104,0.42064,0.59023,0.39849,0.6891,0.35514,0.78462,0.26845,0.97564,0.17203,0.98871,0.08936,0.86849,0.00422,0.68066,0.00425,0.57127,0.07956,0.30415,0.14789,0.12336,0.08634,0.56072,0.17133,0.56072,0.2545,0.55801,0.34561,0.50926,0.40431,0.46323,0.96252,0.67991,0.90186,0.61276,0.80441,0.61547,0.75011,0.60025,0.71024,0.53937,0.67794,0.46936,0.64219,0.45718],"triangles":[28,34,27,27,35,26,27,34,35,15,16,40,16,17,40,15,38,14,15,39,38,15,40,39,25,35,36,25,26,35,17,41,40,17,18,41,14,38,13,18,42,41,18,19,42,29,33,28,28,33,34,13,38,12,25,36,24,19,20,43,19,43,42,43,20,44,12,38,11,24,37,23,24,36,37,29,30,33,11,38,10,20,21,44,40,9,39,40,8,9,8,40,7,38,39,10,39,9,10,42,7,41,40,41,7,23,37,22,30,31,33,33,31,34,31,32,34,35,34,0,34,32,0,35,1,36,35,0,1,43,6,42,42,6,7,36,2,37,36,1,2,6,43,5,37,3,22,37,2,3,44,5,43,22,4,21,44,21,4,5,44,4,22,3,4],"vertices":[6.65,47.33,6.76,30.05,2.57,20.6,-4.18,13.08,-4.93,-14.51,-0.99,-14.57,4.85,-26.11,7.19,-34.51,7.2,-46.28,1.95,-56.98,-3.92,-65.8,-11.38,-73.34,-16.66,-73.37,-21.94,-73.4,-23.56,-69.66,-26.34,-56.26,-26.43,-41.87,-25.53,-35.08,-23.31,-28.11,-19.51,-21.42,-16.01,-17.91,-7.59,-15.01,-6.84,12.03,-13.14,15.78,-16.62,19.19,-20.01,25.89,-26.78,39.28,-27.33,54.22,-23.21,67.06,-16.72,80.3,-12.89,80.32,-3.47,68.71,2.93,58.16,-12.44,67.6,-12.35,54.43,-12.18,41.54,-10.38,27.43,-8.71,18.34,-15.74,-68.23,-13.45,-58.81,-13.64,-43.71,-13.16,-35.29,-11.07,-29.1,-8.65,-24.07,-8.26,-18.53],"hull":33,"edges":[0,64,0,2,2,4,4,6,6,8,8,10,10,12,12,14,14,16,16,18,18,20,20,22,26,28,28,30,36,38,38,40,40,42,42,44,44,46,46,48,52,54,54,56,56,58,58,60,60,62,62,64,58,66,66,68,68,70,70,72,72,74,74,44,48,50,50,52,22,24,24,26,24,76,76,78,78,80,30,32,80,32,34,36,32,34,80,82,82,84,84,86,86,88],"width":153,"height":33}},"kobi_hand":{"kobi_hand":{"type":"mesh","uvs":[0.27752,0.00376,0.33217,0.00372,0.38443,0.04014,0.39306,0.05909,0.39313,0.10094,0.37824,0.14081,0.39267,0.20037,0.41175,0.22421,0.43366,0.23857,0.58378,0.25373,0.62049,0.21387,0.66412,0.1847,0.71049,0.17951,0.75571,0.17946,0.78291,0.12963,0.81471,0.07674,0.84514,0.04901,0.88206,0.0422,0.91279,0.04743,0.93509,0.03671,0.97301,0.03673,0.99994,0.05565,1,0.05805,1,0.11509,0.97066,0.30949,0.93322,0.37097,0.87788,0.43074,0.84066,0.47871,0.80906,0.51186,0.75968,0.54662,0.68562,0.58193,0.5989,0.61953,0.48146,0.66505,0.46477,0.67396,0.45351,0.68433,0.44543,0.70135,0.44,0.71891,0.42306,0.78349,0.41516,0.81766,0.16408,0.87864,0.05195,0.90394,0.08841,0.82262,0.14033,0.73986,0.17242,0.68409,0.19102,0.6477,0.19804,0.60645,0.19439,0.57318,0.18559,0.51577,0.14522,0.38317,0.15382,0.28923,0.21178,0.19757,0.22361,0.13,0.22633,0.08394,0.23207,0.0419,0.24453,0.01626,0.33212,0.04872,0.32093,0.1369,0.31894,0.19643,0.32827,0.25455,0.25293,0.62423,0.26413,0.60027,0.27109,0.57783,0.27363,0.54755,0.2706,0.51763,0.28826,0.39845,0.4128,0.30031,0.32506,0.0886,0.33602,0.33658,0.2362,0.65596,0.19046,0.76606,0.56138,0.30331],"triangles":[28,29,70,28,70,12,12,70,9,12,9,10,12,10,11,27,28,12,26,27,12,26,12,13,26,13,25,25,13,14,16,25,14,24,25,16,18,16,17,14,15,16,24,16,18,24,18,22,23,24,22,20,22,19,18,19,22,21,22,20,57,56,5,57,51,56,4,5,66,56,51,66,66,51,52,66,52,53,66,53,54,5,56,66,55,66,54,4,66,3,3,66,55,55,2,3,55,54,0,55,1,2,55,0,1,65,64,67,47,48,64,48,49,64,67,49,58,67,64,49,49,50,58,50,57,58,67,58,65,65,8,70,58,7,65,65,7,8,58,6,7,58,57,6,57,5,6,50,51,57,62,32,33,63,31,32,31,63,64,31,64,65,31,65,70,31,70,30,29,30,70,63,47,64,70,8,9,40,41,39,39,69,38,39,41,69,41,42,69,38,69,37,69,68,37,37,68,36,42,43,69,68,43,44,68,69,43,36,68,35,35,68,59,35,59,34,59,60,34,33,34,61,61,34,60,59,68,45,68,44,45,59,45,60,62,33,61,45,46,60,60,46,61,61,46,62,62,47,63,62,46,47,63,32,62],"vertices":[1,16,25.68,5.06,1,1,16,25.95,-1.93,1,1,16,19.57,-8.86,1,1,16,16.17,-10.09,1,2,15,41.59,-10.8,0.01487,16,8.55,-10.38,0.98513,3,17,24.42,50.98,2.8E-4,15,34.28,-9.1,0.29169,16,1.23,-8.75,0.70803,4,17,22.04,40.24,0.08473,15,23.5,-11.26,0.45987,16,-9.53,-10.99,0.45256,18,4.5,48.72,0.00284,4,17,22.66,35.3,0.17173,15,19.23,-13.83,0.60583,16,-13.78,-13.59,0.21655,18,1.91,44.47,0.00589,3,17,24.26,31.82,0.26129,15,16.7,-16.71,0.72956,18,1,40.75,0.00915,3,17,41.01,22,0.48747,15,14.5,-36,0.12961,18,7.98,22.63,0.38292,3,17,48.1,26.94,0.2315,15,21.89,-40.48,0.03685,18,16.6,22.08,0.73166,3,17,55.28,29.75,0.11829,15,27.35,-45.91,0.01416,18,23.97,19.8,0.86754,3,17,61.13,28.38,0.06256,15,28.47,-51.82,0.00616,18,27.69,15.08,0.93128,3,17,66.49,26.2,0.0159,15,28.65,-57.6,0.00111,18,30.53,10.04,0.98299,2,17,73.15,33.28,9.0E-5,18,40.14,11.43,0.99991,1,18,50.53,12.58,1,1,18,56.83,11.65,1,1,18,60.22,8.13,1,1,18,61.31,4.24,1,1,18,64.41,2.7,1,1,18,66.78,-1.54,1,1,18,65.46,-6.23,1,1,18,65.08,-6.45,1,1,18,56.03,-11.52,1,1,18,23.32,-25.53,1,1,18,11.22,-26.82,1,1,18,-1.74,-25.95,1,1,18,-11.68,-26.06,1,2,17,49.95,-32.39,0.01638,18,-18.92,-25.48,0.98362,2,17,41.71,-35.86,0.22827,18,-27.53,-23.05,0.77173,2,17,30.5,-38.22,0.72102,18,-37.77,-17.92,0.27898,3,14,62.31,-42.73,0.00785,17,17.64,-40.36,0.97197,18,-49.16,-11.58,0.02018,2,14,51.32,-29.54,0.26959,17,0.59,-42.35,0.73041,2,14,49.32,-27.76,0.38867,17,-2,-43.05,0.61133,2,14,47.19,-26.7,0.51466,17,-4.05,-44.25,0.48534,2,14,43.96,-26.27,0.66291,17,-6.18,-46.72,0.33709,2,14,40.69,-26.2,0.77616,17,-8.03,-49.42,0.22384,2,14,28.74,-26.3,0.96706,17,-14.48,-59.48,0.03294,2,14,22.44,-26.49,0.98353,17,-17.77,-64.86,0.01647,1,14,5.43,2.95,1,1,14,-1.82,16.16,1,1,14,13.6,14.39,1,1,14,29.65,10.74,1,2,14,40.39,8.63,0.99531,15,-65.32,14.37,0.00469,3,14,47.35,7.55,0.97312,17,-32.64,-25.38,0.00834,15,-58.63,12.18,0.01853,3,14,54.89,8.1,0.88131,17,-28.97,-18.77,0.05923,15,-51.1,11.5,0.05946,3,14,60.75,9.71,0.66188,17,-27.11,-12.98,0.17562,15,-45.06,12.14,0.1625,3,14,70.79,12.8,0.42034,17,-24.2,-2.88,0.25474,15,-34.65,13.57,0.32492,3,14,93.5,22.47,0.03439,17,-19.86,21.41,0.03829,15,-10.68,19.43,0.92732,2,14,110.5,24.64,1.8E-4,15,6.45,18.83,0.99982,2,15,23.34,11.9,0.9186,16,-9.88,12.17,0.0814,2,15,35.67,10.74,0.27639,16,2.47,11.11,0.72361,2,15,44.06,10.64,0.00891,16,10.86,11.07,0.99109,1,16,18.53,10.62,1,1,16,23.25,9.2,1,1,16,17.76,-2.23,1,1,16,1.67,-1.39,1,3,17,13.57,44.47,0.00207,15,23.94,-1.81,0.99084,16,-9.16,-1.53,0.0071,2,17,10.68,34.23,0.02298,15,13.4,-3.31,0.97702,2,14,53.05,0.59,0.99996,15,-54.13,4.38,4.0E-5,2,14,57.61,0.01,0.99849,15,-49.73,3.08,0.00151,3,14,61.78,-0.09,0.98805,17,-18.34,-17.48,0.00197,15,-45.62,2.3,0.00998,3,14,67.26,0.64,0.77742,17,-15.96,-12.5,0.17649,15,-40.1,2.14,0.04608,3,14,72.53,2.06,0.53246,17,-14.26,-7.31,0.36615,15,-34.67,2.68,0.10139,3,14,94.25,3.96,0.06789,17,-3.97,11.92,0.45292,15,-12.93,1.05,0.47919,3,17,17.54,22.43,0.35371,15,5.39,-14.36,0.64426,18,-10.11,37.59,0.00204,1,16,10.48,-1.59,1,2,17,5.95,20.03,0.17761,15,-1.49,-4.73,0.82239,1,14,46.97,1.59,1,1,14,26.19,3.53,1,3,17,34.95,14.73,0.70329,15,5.4,-33.39,0.15591,18,-1.3,20.73,0.1408],"hull":55,"edges":[0,108,0,2,2,4,4,6,6,8,8,10,10,12,16,18,38,40,40,42,42,44,44,46,46,48,48,50,50,52,52,54,58,60,80,82,82,84,94,96,96,98,98,100,100,102,106,108,90,92,92,94,84,86,88,90,86,88,68,70,70,72,72,74,64,66,66,68,56,58,54,56,18,20,30,32,32,34,34,36,36,38,20,22,24,26,22,24,28,30,26,28,12,14,14,16,118,120,120,122,122,124,124,126,60,62,62,64,132,8,104,106,102,104,118,136,136,138,138,78,74,76,78,76,80,78],"width":128,"height":143}},"kobi_head":{"kobi_head":{"type":"mesh","uvs":[0.53876,0.00302,0.54938,0.00908,0.55479,0.02764,0.57052,0.01872,0.5916,0.01871,0.60201,0.0187,0.6261,0.01129,0.62638,0.03432,0.64099,0.03059,0.67924,0.04318,0.73999,0.07402,0.76411,0.09526,0.79717,0.10677,0.81329,0.13153,0.83595,0.15127,0.85354,0.15639,0.85354,0.17654,0.87696,0.20784,0.87513,0.23516,0.88349,0.2611,0.88756,0.28708,0.88764,0.32251,0.89559,0.36106,0.88754,0.41381,0.92841,0.42554,0.94079,0.43805,0.94057,0.45771,0.96695,0.45761,0.98093,0.46793,1,0.51739,1,0.56203,0.97936,0.61557,0.9432,0.66304,0.92172,0.69748,0.91365,0.72813,0.89761,0.75598,0.85268,0.77244,0.79893,0.84811,0.73121,0.90702,0.67096,0.97706,0.5916,1,0.5916,1,0.55939,1,0.51108,0.98855,0.44852,0.96103,0.28845,0.86807,0.25036,0.82838,0.21627,0.77692,0.16089,0.77656,0.12242,0.74866,0.09333,0.68573,0.03252,0.61489,0.00599,0.56772,0.00613,0.50401,0.0316,0.4505,0.06744,0.44283,0.11239,0.45605,0.11239,0.45594,0.11242,0.35134,0.11945,0.32202,0.10747,0.311,0.11236,0.27957,0.11239,0.24968,0.16276,0.19959,0.16478,0.19127,0.15791,0.17926,0.15789,0.16344,0.17394,0.15778,0.18474,0.13093,0.20941,0.13092,0.24223,0.11112,0.26429,0.11115,0.27504,0.09086,0.29295,0.07518,0.34178,0.05231,0.42722,0.03559,0.44791,0.02887,0.49758,0.02237,0.51081,0.01074,0.5916,0.72236,0.53107,0.70446,0.5115,0.6806,0.45673,0.67123,0.44695,0.64737,0.45869,0.62351,0.50955,0.59453,0.55356,0.55704,0.5916,0.55704,0.55854,0.71751,0.48283,0.67909,0.6837,0.68036,0.69866,0.66733,0.70435,0.64282,0.68833,0.61923,0.62149,0.55689,0.5916,0.59564,0.5916,0.68576,0.65698,0.63793,0.65839,0.60129,0.62691,0.70984,0.59496,0.63598,0.51472,0.63782,0.65673,0.68539,0.41741,0.63953,0.38683,0.6695,0.33778,0.69281,0.31867,0.73166,0.26644,0.7411,0.20906,0.69273,0.2003,0.63107,0.19957,0.56624,0.17623,0.5033,0.87023,0.71324,0.87557,0.67676,0.87646,0.63795,0.86934,0.58984,0.8631,0.53939,0.72653,0.63974,0.76408,0.66557,0.79175,0.68509,0.80822,0.71149,0.78055,0.74823,0.42953,0.61337,0.37186,0.61684,0.32682,0.78938,0.48596,0.87218,0.5916,0.88631,0.52672,0.88225,0.56104,0.88571,0.63681,0.87764,0.67982,0.85421,0.73409,0.80875,0.80089,0.61242,0.82718,0.64852,0.25508,0.69803,0.84339,0.71506,0.83916,0.67863,0.23391,0.30163,0.32814,0.26449,0.45154,0.24787,0.5916,0.24298,0.83968,0.31824,0.70486,0.25468,0.77718,0.28431,0.06048,0.48366,0.08734,0.53692,0.1179,0.59019,0.1494,0.65717,0.17626,0.7177,0.9346,0.52883,0.93807,0.57577,0.92938,0.62649,0.91374,0.66965,0.88854,0.73325,0.327,0.3908,0.36534,0.37242,0.42285,0.36908,0.50241,0.39915,0.63182,0.40165,0.71138,0.38077,0.76314,0.38411,0.8034,0.39831,0.20757,0.42226,0.26326,0.40966,0.35675,0.40884,0.43389,0.41219,0.51367,0.42457,0.54804,0.43366,0.5916,0.42878,0.62491,0.43147,0.67252,0.42081,0.7297,0.41739,0.76235,0.41881,0.80591,0.42186,0.87221,0.42139,0.31356,0.61061,0.25325,0.64171,0.25838,0.59486,0.48312,0.60075,0.50128,0.58613,0.53035,0.5586,0.54992,0.5065,0.56236,0.49675,0.5916,0.49291,0.60407,0.50555,0.6278,0.55188,0.66115,0.59591,0.7029,0.61315,0.84221,0.60604,0.26355,0.50563,0.36892,0.50397,0.45932,0.50079,0.52147,0.496,0.54908,0.47129,0.5916,0.46084,0.62575,0.47262,0.64269,0.49125,0.69632,0.50039,0.73568,0.50489,0.80487,0.50759,0.86267,0.49431,0.89322,0.55551,0.90378,0.53283,0.91272,0.48495],"triangles":[141,143,19,159,142,143,160,159,143,141,160,143,161,160,141,118,117,132,118,132,133,114,136,133,119,118,133,119,133,136,120,119,136,135,120,136,112,135,136,121,118,119,121,119,120,135,121,120,105,123,104,176,175,105,134,176,105,108,176,134,106,134,105,107,134,106,107,108,134,82,124,106,107,106,124,46,107,124,82,104,103,104,106,105,106,104,82,84,85,101,97,100,98,97,98,93,92,93,117,97,93,92,83,103,84,91,97,92,83,89,82,101,83,84,101,89,83,90,97,91,81,89,101,102,100,97,102,97,90,81,101,96,80,81,96,99,96,102,88,80,96,92,118,121,118,92,117,121,91,92,121,90,91,131,90,121,99,90,131,90,99,102,80,125,89,80,89,81,125,80,88,124,82,89,103,83,82,5,6,7,16,14,15,65,66,67,64,65,67,69,70,71,18,16,17,3,4,2,2,4,140,7,4,5,7,140,4,139,76,77,75,76,139,74,75,139,71,73,74,71,72,73,74,139,71,2,78,0,2,0,1,77,78,2,139,77,2,139,2,140,10,140,9,142,10,11,13,142,11,13,11,12,142,13,14,142,14,16,143,142,16,7,8,9,9,140,7,10,142,140,138,71,139,69,71,138,18,143,16,143,18,19,69,64,67,67,68,69,64,69,138,138,63,64,137,63,138,20,141,19,62,137,61,137,62,63,59,61,137,60,61,59,141,20,21,156,138,139,155,138,156,154,137,138,155,154,138,157,139,140,156,139,157,158,140,142,158,142,159,168,157,140,164,154,155,163,137,154,163,154,164,165,156,157,164,155,156,165,164,156,141,22,161,22,141,21,22,174,161,171,159,160,172,171,160,172,160,161,170,158,159,170,159,171,23,174,22,173,161,174,172,161,173,137,58,59,162,137,163,162,58,137,157,167,166,165,157,166,140,158,168,169,168,158,169,158,170,168,167,157,162,57,58,56,57,162,26,24,25,194,168,169,167,168,194,193,167,194,195,169,170,194,169,195,144,54,55,144,55,56,24,174,23,203,24,26,203,174,24,196,195,170,183,194,195,182,193,194,200,173,174,200,174,203,193,192,166,193,166,167,183,182,194,181,192,193,197,170,171,196,170,197,191,165,166,191,166,192,111,56,162,190,164,165,190,165,191,53,54,144,198,171,172,197,171,198,184,183,195,184,195,196,189,163,164,189,164,190,162,163,189,111,162,189,182,181,193,199,172,173,199,173,200,198,172,199,28,149,203,26,27,28,28,203,26,149,28,29,202,200,203,202,203,149,145,144,56,145,56,111,116,200,202,199,200,116,185,184,196,201,116,202,185,87,184,181,87,86,87,182,183,182,87,181,87,183,184,94,87,185,180,192,181,180,181,86,149,29,30,110,111,189,146,145,111,150,149,30,201,202,149,150,201,149,180,179,191,180,191,192,115,116,201,110,146,111,85,179,180,85,180,86,177,110,189,95,87,94,86,87,95,85,86,95,197,185,196,186,185,197,94,185,186,98,95,94,178,191,179,178,179,85,186,98,94,116,132,199,188,116,115,175,189,190,177,189,175,132,198,199,188,132,116,198,186,197,187,198,132,187,186,198,93,98,186,122,190,191,122,191,178,123,175,190,53,145,52,145,53,144,51,145,146,51,52,145,31,150,30,122,123,190,187,93,186,84,122,178,84,178,85,150,115,201,151,150,31,151,115,150,109,110,177,146,110,109,100,95,98,101,85,95,101,95,100,114,115,151,188,115,114,103,123,122,103,122,84,117,187,132,93,187,117,176,109,177,176,177,175,133,132,188,133,188,114,147,146,109,32,151,31,104,123,103,152,114,151,152,151,32,113,114,152,113,136,114,50,51,146,50,146,147,96,101,100,96,100,102,108,109,176,147,109,108,105,175,123,33,152,32,112,136,113,148,147,108,50,147,148,79,96,99,88,96,79,113,33,112,33,113,152,34,112,33,153,112,34,49,50,148,35,153,34,153,36,135,153,135,112,36,153,35,48,49,148,148,108,47,107,47,108,48,148,47,46,47,107,121,36,37,36,121,135,131,121,37,130,99,131,79,99,130,45,46,124,89,125,124,129,79,130,127,125,88,128,127,88,79,128,88,79,126,128,129,126,79,38,130,131,38,131,37,125,45,124,44,45,125,38,39,129,38,129,130,127,44,125,43,44,127,43,127,128,42,43,128,42,128,126,126,129,39,40,42,126,39,40,126],"vertices":[1,8,270.41,17.02,1,1,8,268.63,14.18,1,1,8,263.04,12.63,1,1,8,265.83,8.54,1,1,8,265.95,2.98,1,1,8,266.01,0.23,1,1,8,268.38,-6.08,1,1,8,261.41,-6.3,1,1,8,262.62,-10.14,1,1,8,259.02,-20.31,1,1,8,250.01,-36.54,1,1,8,243.71,-43.04,1,1,8,240.4,-51.84,1,1,8,232.99,-56.25,1,1,8,227.13,-62.36,1,1,8,225.68,-67.03,1,1,8,219.58,-67.16,1,1,8,210.22,-73.54,1,1,8,201.94,-73.23,1,1,8,194.12,-75.6,1,1,8,186.28,-76.84,1,1,8,175.55,-77.08,1,1,8,163.91,-79.43,1,1,8,147.89,-77.64,1,1,8,144.56,-88.5,1,1,8,140.84,-91.84,1,1,8,134.88,-91.91,1,1,8,135.06,-98.87,1,1,8,132.01,-102.63,1,1,8,117.13,-107.97,1,1,8,103.61,-108.26,1,1,8,87.27,-103.15,1,1,8,72.69,-93.9,1,1,8,62.14,-88.45,1,1,8,52.81,-86.51,1,1,8,44.29,-82.46,1,2,8,39.05,-70.7,0.88889,11,-34.93,-9.93,0.11111,1,8,15.83,-56.99,1,1,8,-2.38,-39.49,1,3,8,-23.94,-24.03,0.98339,9,-97.45,-23.12,9.2E-4,11,-98.49,35.95,0.01569,3,8,-31.32,-3.23,0.99591,10,-102.37,-79.82,0.00382,11,-106.14,56.66,2.7E-4,3,8,-31.32,-3.23,0.99591,10,-102.37,-79.82,0.00382,11,-106.14,56.66,2.7E-4,2,8,-31.5,5.27,0.98816,10,-102.72,-71.33,0.01184,1,8,-28.3,18.09,1,1,8,-20.3,34.78,1,1,8,6.97,77.62,1,1,8,18.79,87.92,1,1,8,34.19,97.25,1,1,8,33.99,111.86,1,1,8,42.23,122.2,1,1,8,61.14,130.27,1,1,8,82.26,146.77,1,1,8,96.4,154.07,1,1,8,115.71,154.44,1,1,8,132.06,148.05,1,1,8,134.58,138.64,1,1,8,130.82,126.69,1,1,8,130.85,126.69,1,1,8,162.54,127.35,1,1,8,171.46,125.68,1,1,8,174.73,128.91,1,1,8,184.28,127.82,1,1,8,193.34,128,1,1,8,208.79,115.02,1,1,8,211.32,114.54,1,1,8,214.92,116.43,1,1,8,219.71,116.53,1,1,8,221.52,112.33,1,1,8,229.71,109.65,1,1,8,229.85,103.14,1,1,8,236.03,94.6,1,1,8,236.14,88.78,1,1,8,242.35,86.07,1,1,8,247.19,81.44,1,1,8,254.39,68.7,1,1,8,259.93,46.25,1,1,8,262.07,40.83,1,1,8,264.32,27.77,1,1,8,267.91,24.35,1,3,8,52.79,-1.47,0.56522,9,-20.59,-1.06,0.43314,11,-22.06,59.46,0.00165,3,8,57.87,14.62,0.05929,9,-15.4,15,0.93924,11,-17.17,75.62,0.00147,4,8,64.99,19.93,0.03248,9,-8.24,20.27,0.96675,10,-6.53,-54.78,6.6E-4,12,-130.47,-25.23,1.1E-4,4,8,67.53,34.45,0.01141,9,-5.61,34.77,0.97295,10,-4.28,-40.21,0.01533,12,-127.06,-10.89,3.1E-4,4,8,74.71,37.18,0.03422,9,1.58,37.46,0.91885,10,2.84,-37.34,0.046,12,-119.74,-8.6,9.3E-4,4,8,82,34.23,0.22574,9,8.85,34.46,0.59594,10,10.19,-40.14,0.17448,12,-112.64,-11.98,0.00384,4,8,91.06,20.99,0.48819,9,17.83,21.17,0.47251,10,19.51,-53.2,0.03714,12,-104.39,-25.74,0.00216,6,8,102.66,9.61,0.70939,9,29.35,9.71,0.25859,10,31.33,-64.35,0.02395,11,27.67,71.17,0.0056,12,-93.5,-37.8,0.00197,13,-90.29,46.38,4.9E-4,6,8,102.87,-0.43,0.85187,9,29.5,-0.33,0.12502,10,31.74,-74.38,0.00887,11,28.01,61.13,0.01235,12,-93.9,-47.84,0.00107,13,-89.99,36.34,8.2E-4,3,8,54.07,7.28,0.2477,9,-19.24,7.69,0.75028,11,-20.88,68.24,0.00202,1,9,-7.89,27.85,1,1,9,-7.51,-25.18,1,4,8,70.05,-29.38,0.00103,9,-3.51,-29.07,0.98778,11,-4.45,31.77,0.01108,13,-122.56,7.1,1.1E-4,4,8,77.5,-30.73,0.03737,9,3.94,-30.47,0.91057,11,3.02,30.52,0.05137,13,-115.09,5.81,6.8E-4,4,8,84.56,-26.35,0.10194,9,11.03,-26.14,0.70067,11,10.02,34.98,0.195,13,-108.07,10.26,0.00239,6,8,103.08,-8.32,0.63237,9,29.66,-8.22,0.3221,10,32.1,-82.27,0.0046,11,28.31,53.25,0.03853,12,-94.17,-55.73,6.8E-4,13,-89.71,28.45,0.00172,6,8,91.17,-0.67,0.90979,9,17.81,-0.5,0.0763,10,20.05,-74.86,0.00535,11,16.32,60.74,0.00718,12,-105.58,-47.38,8.1E-4,13,-101.68,35.99,5.8E-4,4,8,63.87,-1.24,0.80245,9,-9.5,-0.89,0.19571,11,-10.98,59.83,0.00183,13,-128.98,35.18,0,4,8,78.72,-18.2,0.12057,9,5.24,-17.94,0.8509,11,4.08,43.07,0.0277,13,-113.98,18.36,8.4E-4,4,8,89.83,-18.34,0.33209,9,16.35,-18.16,0.60055,11,15.19,43.06,0.06516,13,-102.87,18.32,0.00219,3,8,56.77,-10.72,0.22109,9,-16.66,-10.32,0.77827,11,-17.96,50.27,6.4E-4,6,8,78.97,-1.82,0.88028,9,5.6,-1.57,0.11299,10,7.87,-76.24,0.00225,11,4.13,59.45,0.00383,12,-117.83,-47.78,3.8E-4,13,-113.87,34.74,2.7E-4,4,8,77.97,19.35,0.12991,9,4.73,19.61,0.867,10,6.46,-55.1,0.00265,12,-117.55,-26.59,4.4E-4,3,8,64.34,-18.43,0.04806,9,-9.14,-18.09,0.9518,11,-10.29,42.65,1.4E-4,4,8,76.92,45.03,0.41059,9,3.84,45.29,0.02622,10,4.9,-29.45,0.55198,12,-117.05,-0.9,0.01122,4,8,67.67,52.91,0.28754,9,-5.35,53.23,0.0129,10,-4.5,-21.75,0.69719,12,-125.81,7.52,0.00237,3,8,60.34,65.7,0.13027,9,-12.6,66.07,0.00268,10,-12.08,-9.1,0.86705,3,8,48.46,70.5,0.16482,9,-24.45,70.95,7.1E-4,10,-24.05,-4.54,0.83448,3,8,45.32,84.23,0.09268,10,-27.47,9.13,0.90723,12,-146.23,40.14,1.0E-4,1,8,59.65,99.68,1,1,8,78.28,102.38,1,1,8,97.92,102.98,1,1,8,116.86,109.54,1,2,8,57.08,-74.96,0.75,11,-16.85,-13.96,0.25,1,8,68.16,-76.14,1,1,8,79.92,-76.13,1,1,8,94.46,-73.94,1,1,8,109.71,-71.98,1,4,8,78.56,-36.57,0.04934,9,4.96,-36.31,0.41357,11,4.15,24.7,0.53163,13,-113.99,-0.01,0.00545,4,8,70.94,-46.64,0.02278,9,-2.72,-46.34,0.23454,11,-3.34,14.53,0.74174,13,-121.51,-10.15,9.4E-4,4,8,65.18,-54.07,0.11688,9,-8.53,-53.73,0.18484,11,-9.01,7.03,0.69768,13,-127.21,-17.63,5.9E-4,4,8,57.27,-58.58,0.34397,9,-16.47,-58.19,0.127,11,-16.86,2.42,0.5287,13,-135.08,-22.21,3.2E-4,4,8,45.99,-51.51,0.45646,9,-27.7,-51.05,0.09768,11,-28.23,9.35,0.44569,13,-146.42,-15.24,1.7E-4,1,8,84.91,41.99,1,1,8,83.54,57.19,1,3,8,31.02,67.99,0.3147,9,-41.9,68.55,1.4E-4,10,-41.44,-7.39,0.68516,2,8,6.82,25.46,0.86495,10,-64.8,-50.39,0.13505,3,8,3.12,-2.51,0.99902,9,-70.26,-1.77,1.5E-4,11,-71.71,57.81,8.3E-4,2,8,3.99,14.64,0.94212,10,-67.42,-61.26,0.05788,2,8,3.13,5.56,0.98367,10,-68.1,-70.36,0.01633,3,8,6,-14.39,0.96101,9,-67.46,-13.67,0.00679,11,-68.68,45.97,0.0322,3,8,13.33,-25.6,0.85601,9,-60.2,-24.92,0.0302,11,-61.21,34.85,0.11379,4,8,27.4,-39.63,0.61836,9,-46.22,-39.05,0.06515,11,-46.97,21,0.31645,13,-165.11,-3.52,4.0E-5,1,8,87.24,-56.02,1,2,11,2.37,-1.95,0.99771,13,-115.86,-26.65,0.00229,3,8,58.3,87.5,0.02063,10,-14.55,12.65,0.9758,12,-133.07,42.62,0.00357,3,8,56.38,-67.89,0.50453,9,-17.41,-67.49,0.00541,11,-17.63,-6.9,0.49006,3,8,67.4,-66.54,0.00907,9,-6.39,-66.21,0.01082,11,-6.64,-5.42,0.98011,4,8,178.26,95.66,0.53955,9,105.51,95.27,1.0E-5,10,105.23,23.17,0.03956,12,-12.84,43.52,0.42088,4,8,190.04,71.01,0.61301,9,117.13,70.55,1.0E-5,10,117.48,-1.24,0.03321,12,-2.57,18.21,0.35376,4,8,195.75,38.52,0.77902,9,122.63,38.02,0,10,123.84,-33.61,0.01888,12,1.17,-14.57,0.2021,6,8,198.01,1.58,0.80804,9,124.65,1.07,1.5E-4,10,126.82,-70.5,0.00515,11,123.11,64.33,0.00554,12,1.19,-51.57,0.0552,13,5.13,39.18,0.12592,6,8,176.57,-64.28,0.16544,9,102.8,-64.65,1.0E-5,10,106.68,-136.78,2.1E-4,11,102.5,-1.8,0.04829,12,-24.18,-116.02,0.00242,13,-15.73,-26.87,0.78363,6,8,195.09,-28.34,0.4931,9,121.54,-28.83,7.0E-5,10,124.49,-100.48,0.00243,11,120.57,34.37,0.02335,12,-3.53,-81.27,0.02621,13,2.47,9.23,0.45484,6,8,186.51,-47.58,0.26461,9,112.84,-48.02,3.0E-5,10,116.29,-119.89,7.8E-4,11,112.23,15.02,0.03976,12,-13.26,-99.96,0.00861,13,-5.94,-10.08,0.68622,1,8,122.17,140.22,1,1,8,106.18,132.79,1,1,8,90.22,124.39,1,1,8,70.1,115.65,1,1,8,51.91,108.18,1,1,8,113.3,-90.78,1,1,8,99.1,-92,1,1,8,83.69,-90.02,1,1,8,70.53,-86.17,1,1,8,51.12,-79.92,1,4,8,151.77,70.53,0.37165,9,78.85,70.32,8.1E-4,10,79.23,-2.47,0.14972,12,-40.8,20.04,0.47782,4,8,157.54,60.53,0.37218,9,84.57,60.28,8.1E-4,10,85.2,-12.36,0.14954,12,-35.64,9.71,0.47747,4,8,158.87,45.37,0.37307,9,85.8,45.11,8.0E-4,10,86.83,-27.49,0.14923,12,-35.23,-5.5,0.4769,4,8,150.2,24.18,0.37359,9,76.99,23.97,8.0E-4,10,78.58,-48.85,0.14905,12,-45.16,-26.13,0.47655,4,8,150.16,-10.01,0.48115,9,76.73,-10.21,0.00343,11,75.41,52.15,0.13441,13,-42.62,27.18,0.38101,4,8,156.92,-30.87,0.48056,9,83.36,-31.12,0.00343,11,82.44,31.37,0.13461,13,-35.67,6.37,0.38139,4,8,156.2,-44.56,0.47957,9,82.55,-44.8,0.00344,11,81.88,17.67,0.13496,13,-36.28,-7.32,0.38203,4,8,152.12,-55.27,0.47899,9,78.4,-55.49,0.00344,11,77.94,6.91,0.13516,13,-40.26,-18.07,0.38241,1,8,143.76,101.95,1,1,8,149.12,87.42,1,1,8,150.89,62.83,1,1,8,150.34,42.45,1,1,8,146.69,21.29,1,1,8,142.6,12.03,1,1,8,142.48,0.4,1,1,8,143.96,-8.41,1,1,8,147.69,-20.91,1,1,8,149.23,-35.98,1,1,8,148.98,-44.6,1,1,8,148.27,-56.12,1,1,8,146.07,-73.63,1,1,8,85.11,72.62,1,4,8,75.48,88.35,0.27707,9,2.68,88.62,4.0E-5,10,2.61,13.84,0.71056,12,-126.19,42.43,0.01232,1,8,89.59,87.28,1,1,8,89.11,27.93,1,1,8,93.72,23.24,1,1,8,102.46,15.76,1,1,8,119.07,10.97,1,1,8,121.91,7.73,1,1,8,122.68,-0.01,1,1,8,118.98,-3.39,1,1,8,104.85,-9.95,1,1,8,91.63,-19.03,1,1,8,86.56,-30.16,1,1,8,89.41,-66.89,1,1,8,118.32,86.61,1,1,8,119.97,58.85,1,1,8,121.27,35,1,1,8,122.69,18.59,1,1,8,130.36,11.46,1,1,8,132.58,0.19,1,1,8,130.13,-8.9,1,1,8,124.42,-13.49,1,1,8,122.42,-27.7,1,1,8,120.97,-38.12,1,1,8,120.12,-56.4,1,1,8,123.64,-71.58,1,1,8,104.99,-80.03,1,1,8,111.93,-82.67,1,1,8,126.54,-84.73,1],"hull":79,"edges":[0,156,0,2,2,4,4,6,10,12,12,14,14,16,16,18,18,20,20,22,22,24,24,26,26,28,28,30,30,32,32,34,34,36,36,38,38,40,40,42,42,44,44,46,46,48,48,50,50,52,52,54,54,56,56,58,58,60,60,62,62,64,64,66,66,68,68,70,74,76,76,78,82,84,86,88,88,90,90,92,92,94,94,96,96,98,98,100,100,102,102,104,104,106,106,108,108,110,110,112,116,118,118,120,120,122,122,124,124,126,126,128,128,130,130,132,132,134,134,136,136,138,138,140,140,142,142,144,144,146,146,148,148,150,150,152,152,154,154,156,6,8,8,10,78,80,80,82,112,114,114,116,160,162,164,166,166,168,168,170,170,172,172,174,160,176,176,158,162,178,178,164,180,182,182,184,184,186,174,188,190,174,158,192,184,194,186,196,188,196,196,194,158,198,190,200,200,192,170,202,202,162,204,180,198,204,168,206,206,208,208,210,210,212,212,214,94,216,216,218,218,220,220,222,224,226,226,228,228,230,230,232,186,234,234,236,236,238,238,240,240,242,248,250,80,252,252,158,250,254,254,256,256,252,84,86,252,258,258,78,258,260,260,262,242,262,264,266,212,248,268,214,266,272,272,270,274,276,276,278,8,280,278,280,280,284,284,286,286,282,288,290,290,292,292,294,294,296,298,300,300,302,302,304,308,310,310,312,312,314,318,320,320,322,318,316,74,72,72,70,112,324,324,326,326,328,328,330,330,332,332,334,336,280,334,336,336,338,338,340,340,342,342,344,344,346,346,348,348,46,352,268,354,352,220,354,354,350,350,246,246,244,170,356,356,244,356,358,358,360,360,362,362,364,174,366,364,366,366,368,370,372,372,374,374,264,264,376,376,230,222,378,378,380,380,382,382,384,384,386,336,388,388,366,386,388,388,390,390,392,392,394,394,396,396,398,398,400,230,402,402,404,404,406,406,52,400,406],"width":264,"height":303}},"RotateLight_006":{"RotateLight_006":{"x":-6.06,"y":0.41,"width":466,"height":466}},"RotateLight_007":{"RotateLight_006":{"x":-6.06,"y":0.41,"width":466,"height":466}},"Symbol0_KA_A":{"Symbol0_KA_A":{"type":"mesh","uvs":[0.37937,0.00591,0.59276,0.00603,0.67134,0.01932,0.69963,0.03434,0.7317,0.05963,0.78959,0.1053,0.82759,0.26131,0.90617,0.58395,0.94538,0.74493,0.97595,0.87043,0.97564,0.91874,0.97533,0.96705,0.94674,0.98524,0.67408,0.9852,0.57884,0.92086,0.56874,0.87233,0.56824,0.81871,0.55969,0.81309,0.54682,0.81253,0.47888,0.81252,0.46543,0.81386,0.46047,0.81885,0.46049,0.89128,0.44574,0.95758,0.41468,0.97648,0.08677,0.97669,5.6E-4,0.90292,0.05763,0.73106,0.10473,0.5669,0.19839,0.24039,0.25038,0.05916,0.26976,0.03434,0.30649,0.01503,0.66498,0.05916,0.86754,0.87233,0.26538,0.90292,0.31234,0.88116,0.34003,0.73106,0.56037,0.73178,0.29827,0.89772,0.83253,0.73178,0.79145,0.5669,0.71012,0.24039,0.64782,0.03434,0.61972,0.01518,0.61926,0.01503,0.6651,0.05963],"triangles":[2,45,1,45,2,44,45,32,0,45,0,1,43,44,2,43,31,32,45,43,32,43,45,44,43,2,3,33,43,3,31,43,33,30,31,33,4,46,33,4,33,3,5,42,46,5,46,4,30,33,46,42,29,30,42,30,46,42,5,6,41,42,6,7,41,6,29,42,41,28,29,41,37,28,41,27,28,37,38,37,41,40,41,7,38,41,40,40,7,8,38,20,37,18,19,38,17,18,38,19,20,38,16,38,40,17,38,16,21,37,20,34,15,16,34,40,8,34,8,9,34,16,40,36,27,37,36,37,21,36,21,22,27,35,26,27,36,35,39,35,36,10,34,9,14,15,34,22,39,36,23,39,22,11,34,10,24,39,23,25,26,35,24,25,35,24,35,39,13,14,34,12,13,34,11,12,34],"vertices":[99.96,5.32,99.86,-9.19,98.31,-14.52,96.59,-16.43,93.69,-18.6,88.46,-22.5,70.66,-24.98,33.85,-30.11,15.48,-32.67,1.17,-34.67,-4.34,-34.61,-9.85,-34.56,-11.91,-32.6,-11.8,-14.06,-4.43,-7.63,1.11,-6.97,7.22,-6.98,7.87,-6.4,7.94,-5.52,7.97,-0.9,7.82,0.01,7.25,0.35,-1.01,0.4,-8.56,1.45,-10.7,3.57,-10.59,25.87,-2.15,31.68,17.42,27.69,36.11,24.37,73.3,17.79,93.94,14.13,96.76,12.8,98.95,10.29,93.77,-14.06,0.99,-27.29,-2.25,13.67,0.21,10.47,17.31,8.48,17.14,-6.5,-1.68,11.43,17.03,-25.01,35.84,-22.32,73.09,-17.01,96.61,-12.91,98.8,-11.01,98.82,-10.98,93.72,-14.07],"hull":33,"edges":[0,64,0,2,22,24,24,26,42,44,44,46,46,48,48,50,50,52,18,20,20,22,68,22,30,32,68,30,26,28,28,30,38,36,42,40,40,38,36,34,34,32,52,70,72,74,74,76,32,76,72,78,78,70,52,54,74,54,80,68,76,80,16,18,80,16,54,56,82,80,56,82,14,16,82,14,56,58,84,82,58,84,10,12,12,14,84,12,58,60,66,60,62,64,60,62,66,86,62,86,88,86,2,90,90,88,64,90,86,6,66,92,92,84,6,8,8,10,92,8,4,88,4,6,2,4],"width":68,"height":114}},"Symbol0_KA_C":{"Symbol0_KA_C":{"type":"mesh","uvs":[0.47431,0.00583,0.62912,0.00577,0.74573,0.04027,0.88146,0.12197,0.90024,0.1505,0.90455,0.18018,0.90452,0.2117,0.84164,0.34269,0.79565,0.35356,0.73753,0.35217,0.62646,0.31872,0.6066,0.3178,0.59104,0.32505,0.55908,0.36738,0.52769,0.42984,0.51734,0.49685,0.51372,0.55379,0.52476,0.61138,0.54388,0.66635,0.54997,0.68145,0.56124,0.68918,0.57876,0.69138,0.59565,0.68565,0.61271,0.67642,0.63152,0.66588,0.71186,0.60835,0.78761,0.60416,0.8897,0.66494,0.97629,0.76021,0.9759,0.84834,0.91553,0.90853,0.81746,0.96245,0.68682,0.99065,0.55048,0.99417,0.44378,0.98665,0.33021,0.94499,0.22511,0.88206,0.13394,0.80063,0.08028,0.67007,0.05502,0.5673,0.05583,0.46008,0.07169,0.34113,0.12882,0.19867,0.21084,0.10064,0.32337,0.03358,0.85832,0.73458,0.84905,0.77478,0.80155,0.8233,0.72741,0.86072,0.6382,0.88845,0.52699,0.90647,0.46906,0.90716,0.36364,0.8933,0.26401,0.85379,0.17481,0.78795,0.10877,0.66665,0.08444,0.56476,0.07549,0.45888,0.09123,0.34256,0.1462,0.20078,0.22634,0.10581,0.33166,0.04188,0.4765,0.01464,0.62812,0.01228,0.78849,0.08131,0.79047,0.11088,0.78157,0.14342,0.77169,0.17891,0.75686,0.21677,0.7451,0.25144,0.68253,0.26626,0.72045,0.26487,0.65107,0.2497,0.58178,0.22667,0.51419,0.22667,0.44918,0.26454,0.41239,0.32442,0.38563,0.41766,0.37741,0.49544,0.38152,0.55451,0.39893,0.61742,0.44411,0.67533,0.49009,0.70139,0.51766,0.71069,0.54309,0.71599,0.57937,0.71736,0.61194,0.7071,0.6368,0.69138,0.65509,0.67719,0.72775,0.6251,0.78144,0.61657],"triangles":[1,62,0,63,62,1,61,44,0,63,1,2,62,61,0,3,64,2,60,43,44,61,60,44,3,65,64,2,65,63,65,2,64,66,65,3,65,66,63,59,42,43,60,59,43,5,67,4,63,66,67,66,3,4,67,66,4,6,67,5,68,67,6,74,62,63,67,74,63,67,73,74,61,62,74,60,61,74,75,59,60,68,73,67,72,73,68,69,72,68,74,75,60,71,72,69,70,72,71,11,73,72,10,11,72,70,10,72,76,59,75,11,74,73,58,41,42,58,42,59,58,59,76,6,69,68,7,69,6,71,69,7,8,9,71,70,71,9,10,70,9,7,8,71,74,12,75,11,12,74,12,76,75,13,76,12,77,58,76,77,76,13,14,77,13,57,41,58,57,58,77,40,41,57,78,57,77,78,77,14,15,78,14,15,79,78,16,79,15,56,57,78,56,78,79,40,57,56,39,40,56,90,25,26,80,79,16,80,16,17,89,25,90,90,26,27,24,25,89,80,55,56,80,56,79,39,56,55,38,39,55,81,80,17,81,17,18,88,24,89,88,23,24,87,23,88,82,81,18,82,18,19,87,86,22,87,22,23,21,22,86,83,82,19,83,19,20,84,83,20,85,21,86,20,21,85,84,20,85,45,90,27,45,27,28,45,89,90,46,45,28,45,88,89,45,87,88,46,87,45,81,54,55,81,55,80,54,38,55,37,38,54,46,86,87,47,86,46,29,46,28,47,46,29,53,54,81,53,81,82,48,86,47,85,86,48,53,37,54,36,37,53,49,85,48,52,53,82,52,82,83,83,51,52,83,84,51,49,50,84,49,84,85,84,50,51,30,47,29,48,47,30,52,36,53,35,36,52,31,48,30,51,35,52,34,35,51,31,32,49,31,49,48,33,50,49,33,49,32,34,51,50,33,34,50],"vertices":[106.32,0.75,106.39,-10.08,102.4,-18.27,92.89,-27.82,89.56,-29.15,86.09,-29.48,82.4,-29.49,67.05,-25.18,65.76,-21.97,65.9,-17.9,69.77,-10.1,69.87,-8.71,69.02,-7.63,64.05,-5.42,56.73,-3.26,48.89,-2.58,42.23,-2.36,35.49,-3.17,29.07,-4.55,27.3,-4.98,26.4,-5.78,26.15,-7.01,26.83,-8.19,27.92,-9.37,29.16,-10.68,35.92,-16.27,36.44,-21.57,29.37,-28.75,18.26,-34.88,7.95,-34.91,0.88,-30.72,-5.47,-23.89,-8.82,-14.77,-9.28,-5.23,-8.45,2.25,-3.62,10.22,3.71,17.62,13.2,24.06,28.45,27.9,40.46,29.74,53.01,29.75,66.93,28.72,83.62,24.81,95.13,19.14,103.02,11.3,21.21,-26.6,16.5,-25.98,10.81,-22.69,6.4,-17.52,3.12,-11.3,0.97,-3.52,0.86,0.53,2.45,7.92,7.03,14.92,14.7,21.21,28.86,25.91,40.77,27.68,53.16,28.37,66.77,27.35,83.38,23.59,94.53,18.05,102.05,10.72,105.29,0.6,105.63,-10.02,97.61,-21.29,94.15,-21.44,90.34,-20.84,86.19,-20.17,81.75,-19.16,77.69,-18.36,75.93,-13.99,76.11,-16.64,77.86,-11.78,80.53,-6.91,80.5,-2.18,76.04,2.34,69.02,4.88,58.1,6.69,49,7.22,42.09,6.89,34.74,5.63,27.98,2.43,24.95,-0.81,23.87,-2.74,23.26,-4.53,23.11,-7.07,24.33,-9.34,26.18,-11.07,27.84,-12.34,33.97,-17.39,34.99,-21.15],"hull":45,"edges":[2,4,52,54,54,56,56,58,72,74,76,78,84,86,86,88,74,76,26,28,24,26,24,22,22,20,18,20,16,18,12,14,14,16,4,6,10,12,6,8,8,10,36,38,38,40,40,42,42,44,46,48,44,46,34,36,28,30,32,34,30,32,82,84,80,82,78,80,0,2,88,0,48,50,50,52,60,62,58,60,66,68,62,64,64,66,70,72,68,70,90,92,92,94,94,96,96,98,98,100,100,102,102,104,104,106,106,108,108,110,110,112,112,114,114,116,116,118,118,120,120,122,122,124,124,126,4,128,128,130,130,132,132,134,134,136,136,12,136,138,142,140,138,142,140,144,144,146,146,148,148,150,150,152,152,154,154,156,156,158,158,160,160,162,162,164,164,166,166,168,168,170,170,172,172,174,174,176,176,178,178,180,180,90],"width":70,"height":117}},"Symbol0_KA_coffee_01":{"Symbol0_KA_coffee_01":{"type":"mesh","uvs":[0.60265,5.7E-4,0.72357,0.02003,0.81967,0.05868,0.90452,0.13262,0.95767,0.20361,0.99227,0.3076,1,0.41039,0.9866,0.54851,0.94202,0.65643,0.8879,0.75555,0.79326,0.87014,0.67559,0.94611,0.56488,0.99071,0.44484,1,0.3353,0.99352,0.21045,0.95996,0.08346,0.8717,0.03095,0.78717,0.00818,0.70519,0.00823,0.60298,0.02537,0.49057,0.08194,0.35373,0.14715,0.24856,0.21656,0.16652,0.30281,0.0971,0.40254,0.04352,0.50396,0.01625,0.50591,0.45104,0.38057,0.65305,0.28031,0.83804,0.59658,0.28404],"triangles":[30,26,0,30,0,1,30,1,2,30,2,3,30,3,4,25,26,30,24,25,30,30,4,5,30,23,24,27,23,30,22,23,27,21,22,27,30,6,27,6,30,5,7,27,6,27,20,21,28,20,27,19,20,28,8,27,7,9,28,27,18,19,28,8,9,27,29,17,18,28,29,18,10,28,9,28,12,29,16,17,29,10,11,28,15,16,29,11,12,28,14,15,29,29,13,14,12,13,29],"vertices":[52.9,8.51,54.65,-1.58,53.82,-10.45,49.26,-19.77,44.03,-26.52,35.08,-33.07,25.44,-37.49,11.77,-41.59,0.07,-42.15,-11.07,-41.65,-24.92,-38.58,-35.74,-32.3,-43.34,-25.39,-47.83,-16.44,-50.49,-7.72,-51.01,3.19,-46.33,16.3,-39.79,23.51,-32.6,28.32,-22.78,32.12,-11.47,34.97,3.37,35.68,15.43,34.54,25.39,32.22,34.64,28.12,42.78,22.4,48.43,15.56,6.73,-0.76,-16.43,1.43,-37.2,2.32,25.49,-1.56],"hull":27,"edges":[0,52,0,2,2,4,12,14,18,20,20,22,22,24,24,26,32,34,34,36,36,38,38,40,40,42,46,48,48,50,50,52,28,30,30,32,42,44,44,46,14,16,16,18,26,28,10,12,8,10,6,8,4,6],"width":83,"height":103}},"Symbol0_KA_E":{"Symbol0_KA_E":{"type":"mesh","uvs":[0.47622,0.01453,0.81584,0.01455,0.95135,0.08803,0.95013,0.29841,0.57996,0.29852,0.58108,0.35276,0.72866,0.35389,0.85778,0.4341,0.85768,0.58539,0.82873,0.60374,0.78171,0.61143,0.54285,0.61149,0.55033,0.7103,0.86907,0.71031,0.97004,0.783,0.97076,0.98554,0.62694,0.98544,0.16613,0.98531,0.02977,0.90954,0.03457,0.69142,0.03755,0.55629,0.04228,0.34137,0.04491,0.22222,0.04948,0.0145,0.86907,0.90954,0.49764,0.7103,0.44616,0.69142,0.44616,0.55629,0.48576,0.53893,0.67717,0.53893,0.72866,0.52157,0.4593,0.7045,0.45827,0.54331,0.46946,0.35276,0.46946,0.35276,0.44781,0.22222,0.47622,0.20888,0.76307,0.20888,0.81584,0.19363,0.79589,0.20483,0.45586,0.21287,0.7141,0.53482,0.45413,0.35042,0.44781,0.34137,0.49764,0.90954],"triangles":[38,1,2,37,0,1,0,37,36,37,1,38,39,37,38,40,23,0,40,0,36,22,23,40,35,22,40,3,38,2,39,38,3,4,36,37,3,4,37,3,37,39,40,36,4,4,43,35,4,35,40,22,35,43,21,22,43,33,42,43,43,34,33,4,34,43,34,4,5,30,6,7,5,30,29,30,5,6,41,29,30,28,34,5,28,5,29,32,42,33,33,34,28,32,33,28,21,32,20,42,21,43,32,21,42,27,20,32,8,30,7,41,30,8,9,41,8,10,41,9,11,28,29,10,11,29,10,29,41,32,28,11,11,26,27,20,27,26,11,27,32,19,20,26,26,25,31,12,26,11,12,25,26,31,18,19,31,19,26,44,31,25,18,31,44,24,13,14,12,13,24,44,25,12,24,44,12,17,18,44,16,44,24,17,44,16,24,14,15,16,24,15],"vertices":[100.37,-2.26,100.02,-20.6,91.43,-27.76,67.25,-27.24,67.61,-7.25,61.37,-7.2,61.09,-15.16,51.74,-21.96,34.34,-21.63,32.26,-20.02,31.43,-17.47,31.66,-4.57,20.29,-4.76,19.97,-21.97,11.51,-27.27,-11.78,-26.87,-11.42,-8.3,-10.94,16.57,-2.09,23.77,22.99,23.04,38.52,22.59,63.23,21.87,76.92,21.47,100.8,20.77,-2.94,-21.54,20.35,-1.92,22.57,0.82,38.11,0.53,40.06,-1.65,39.87,-11.98,41.81,-14.8,21.05,0.14,39.59,-0.15,61.48,-1.17,61.48,-1.17,76.52,-0.28,78.02,-1.85,77.73,-17.33,79.43,-20.21,78.16,-19.11,77.58,-0.74,40.3,-13.98,61.77,-0.35,62.82,-0.02,-2.56,-1.49],"hull":24,"edges":[4,6,6,8,8,10,14,16,20,22,26,28,28,30,26,48,36,34,24,26,22,24,24,50,52,54,56,58,10,12,60,12,12,14,52,62,62,50,64,54,64,56,10,68,68,66,72,74,76,2,2,4,74,78,78,76,70,80,80,72,60,82,82,58,18,20,16,18,18,82,84,66,44,46,70,44,86,70,42,44,86,42,68,56,86,84,40,42,54,40,36,38,38,40,52,38,36,88,88,48,50,88,2,0,0,46,72,0,80,46,62,36,30,32,32,34,88,32,48,30,80,8,64,22],"width":54,"height":115}},"Symbol0_KA_lower":{"Symbol0_KA_lower":{"type":"mesh","uvs":[0.02428,0.50564,0.03255,0.50593,0.03731,0.51544,0.03816,0.55202,0.03869,0.57492,0.04254,0.60145,0.04983,0.63028,0.05711,0.65911,0.07456,0.70023,0.09314,0.73369,0.11993,0.77172,0.14983,0.80638,0.18519,0.83739,0.22407,0.86454,0.27426,0.89316,0.33116,0.91574,0.39262,0.93226,0.45262,0.93997,0.52033,0.94074,0.59654,0.92852,0.67485,0.90361,0.72909,0.87752,0.78132,0.84165,0.81777,0.80919,0.85303,0.76908,0.8846,0.72434,0.90794,0.67655,0.92358,0.62722,0.93232,0.58052,0.93634,0.54174,0.93878,0.51813,0.94465,0.50799,0.95911,0.50784,0.96671,0.54129,0.96665,0.57913,0.96194,0.63388,0.94755,0.68625,0.92495,0.74623,0.89544,0.79351,0.86097,0.8375,0.82063,0.87607,0.80207,0.8926,0.76537,0.91778,0.7043,0.94995,0.61702,0.9833,0.52251,0.99641,0.45371,0.99647,0.37894,0.98659,0.31491,0.96923,0.25015,0.94441,0.19147,0.91094,0.14759,0.87604,0.10758,0.84046,0.07559,0.80027,0.04723,0.75618,0.02739,0.7178,0.01326,0.67272,0.00684,0.63693,0.00402,0.60646,0.00407,0.57825,0.00412,0.55202,0.0148,0.51398],"triangles":[30,31,32,33,30,32,29,30,33,0,1,2,2,61,0,3,61,2,60,61,3,4,59,60,4,60,3,34,29,33,28,29,34,5,58,59,5,59,4,35,28,34,27,28,35,6,57,58,6,58,5,7,56,57,7,57,6,36,27,35,26,27,36,8,55,56,8,56,7,36,25,26,37,25,36,9,54,55,9,55,8,37,24,25,38,24,37,10,53,54,10,54,9,39,24,38,23,24,39,11,52,53,11,53,10,12,51,52,12,52,11,40,23,39,22,23,40,41,22,40,21,22,41,13,51,12,50,13,14,50,51,13,42,21,41,49,50,14,49,14,15,43,20,21,43,21,42,48,49,15,48,15,16,44,19,20,44,20,43,47,48,16,45,18,19,45,19,44,46,17,18,46,18,45,47,16,17,46,47,17],"vertices":[-186.11,256.07,-182.72,255.93,-180.76,251.56,-180.42,234.73,-180.2,224.2,-178.62,211.99,-175.63,198.73,-172.65,185.47,-165.49,166.55,-157.87,151.16,-146.89,133.67,-134.63,117.72,-120.14,103.46,-104.2,90.97,-83.62,77.8,-60.29,67.42,-35.09,59.82,-10.49,56.28,17.27,55.92,48.52,61.54,80.62,73,102.87,85,124.28,101.5,139.22,116.43,153.68,134.88,166.62,155.46,176.19,177.45,182.6,200.14,186.19,221.62,187.84,239.46,188.84,250.32,191.24,254.98,197.17,255.05,200.29,239.67,200.26,222.26,198.33,197.08,192.43,172.98,183.17,145.39,171.07,123.64,156.94,103.41,140.4,85.67,132.78,78.06,117.74,66.48,92.7,51.68,56.92,36.34,18.17,30.31,-10.04,30.28,-40.7,34.83,-66.95,42.82,-93.5,54.23,-117.56,69.63,-135.55,85.68,-151.95,102.05,-165.07,120.54,-176.7,140.82,-184.83,158.47,-190.63,179.21,-193.26,195.67,-194.41,209.69,-194.39,222.67,-194.37,234.73,-189.99,252.23],"hull":62,"edges":[0,122,0,2,2,4,8,10,18,20,20,22,22,24,44,46,46,48,60,62,62,64,64,66,72,74,96,98,120,122,4,6,6,8,120,6,118,120,8,118,10,12,12,14,114,12,116,118,114,116,116,10,112,114,112,14,18,108,110,112,14,16,16,18,108,110,16,110,104,106,20,106,106,108,22,104,102,104,24,102,98,100,26,100,100,102,24,26,26,28,28,98,30,96,28,30,30,32,32,94,94,96,36,90,90,92,34,36,32,34,92,94,88,90,38,88,36,38,40,86,40,42,38,40,86,88,82,84,42,84,84,86,80,82,44,80,46,78,78,80,42,44,74,76,48,76,74,50,48,50,76,78,72,52,50,52,66,68,56,68,56,58,58,60,66,58,70,72,52,54,68,70,54,56,70,54],"width":410,"height":460}},"Symbol0_KA_R":{"Symbol0_KA_R":{"type":"mesh","uvs":[0.11192,0.01439,0.40975,0.01399,0.53346,0.02532,0.71152,0.07574,0.83271,0.14361,0.91445,0.2328,0.94327,0.28662,0.94332,0.43603,0.90349,0.50313,0.85757,0.55331,0.78954,0.60455,0.79204,0.63515,0.83057,0.68095,0.99868,0.88079,0.97287,0.90725,0.89459,0.95085,0.76996,0.98548,0.65901,0.98551,0.57018,0.9354,0.45177,0.77003,0.45156,0.8552,0.45128,0.96887,0.41502,0.98559,0.13515,0.98545,0.02591,0.92596,0.02584,0.76811,0.02577,0.61025,0.02574,0.54764,0.02568,0.40442,0.02562,0.26939,0.02557,0.14513,0.02552,0.0354,0.6823,0.9157,0.81801,0.88637,0.88005,0.86464,0.89556,0.83749,0.77154,0.69483,0.72699,0.64592,0.68582,0.60255,0.64383,0.54718,0.73427,0.49621,0.78368,0.45468,0.81996,0.40623,0.8508,0.26939,0.8395,0.21399,0.77735,0.14513,0.68033,0.08157,0.52413,0.03692,0.32695,0.91988,0.36758,0.89939,0.36758,0.61025,0.36758,0.76811,0.36758,0.02835,0.36758,0.54718,0.36758,0.54764,0.36758,0.40623,0.36758,0.40442,0.36758,0.26939,0.36758,0.14513],"triangles":[52,0,1,31,0,52,47,1,2,52,1,47,46,47,2,3,46,2,45,3,4,46,3,45,58,30,31,58,52,47,58,31,52,58,47,46,58,46,45,5,44,4,45,4,44,43,44,5,29,30,58,57,58,45,57,45,44,57,44,43,29,58,57,43,5,6,28,29,57,42,56,57,28,57,56,43,42,57,42,43,6,55,56,42,28,56,55,42,6,7,41,55,42,41,42,7,40,55,41,8,41,7,40,41,8,39,55,40,53,55,39,54,53,39,27,55,53,27,28,55,54,27,53,9,40,8,10,38,39,40,10,39,9,10,40,50,54,39,26,27,54,50,26,54,37,38,10,37,10,11,36,37,11,36,11,12,25,26,50,51,50,19,25,50,51,38,50,39,38,19,50,38,37,19,36,19,37,13,35,12,36,12,35,20,51,19,36,33,19,36,35,33,34,35,13,35,34,33,49,51,20,48,25,51,14,34,13,33,32,19,49,48,51,24,25,48,32,18,19,21,49,20,15,34,14,33,34,15,48,49,21,23,24,48,16,32,33,16,33,15,17,18,32,17,32,16,22,48,21,23,48,22],"vertices":[102.66,19.77,102.35,0.42,100.89,-7.6,94.82,-19.06,86.8,-26.79,76.36,-31.91,70.08,-33.67,52.76,-33.35,45.02,-30.61,39.26,-27.52,33.4,-22.99,29.85,-23.09,24.49,-25.49,1.11,-35.98,-1.93,-34.25,-6.89,-29.07,-10.76,-20.89,-10.63,-13.68,-4.71,-8.02,14.61,-0.68,4.74,-0.48,-8.45,-0.22,-10.34,2.17,-9.99,20.36,-2.96,27.33,15.35,27,33.66,26.66,40.92,26.53,57.53,26.22,73.19,25.93,87.61,25.67,100.33,25.43,-2.56,-15.35,0.68,-24.23,3.12,-28.31,6.25,-29.38,22.95,-21.62,28.67,-18.83,33.75,-16.25,40.23,-13.64,46.03,-19.63,50.79,-22.93,56.36,-25.39,72.19,-27.69,78.63,-27.08,86.7,-23.19,94.18,-17.02,99.55,-6.97,-2.62,7.76,-0.29,5.07,33.25,4.45,14.94,4.79,100.73,3.19,40.56,4.31,40.51,4.31,56.91,4.01,57.12,4,72.78,3.71,87.19,3.44],"hull":32,"edges":[0,62,0,2,2,4,4,6,6,8,8,10,10,12,12,14,18,20,20,22,26,28,28,30,30,32,32,34,34,36,36,38,42,44,44,46,46,48,22,24,24,26,36,64,64,66,66,68,68,70,24,72,72,38,70,72,72,74,74,76,76,78,16,18,14,16,78,80,80,82,82,84,84,86,86,88,88,90,90,92,92,94,48,96,96,98,100,38,100,52,48,50,50,52,98,102,102,100,50,102,38,40,40,42,102,40,102,38,62,104,104,2,104,94,78,106,100,108,108,106,52,54,108,54,110,106,84,110,112,110,54,56,112,56,114,112,86,114,56,58,114,58,104,116,116,114,90,116,58,60,60,62,116,60],"width":65,"height":116}},"Symbol0_KA_S":{"Symbol0_KA_S":{"type":"mesh","uvs":[0.62794,0.98556,0.4589,0.98576,0.33836,0.97195,0.17418,0.92697,0.08685,0.86747,0.02769,0.81232,0.02792,0.7774,0.1455,0.65668,0.1969,0.62973,0.26885,0.62982,0.40115,0.69769,0.43808,0.69794,0.47754,0.68793,0.50347,0.67419,0.5115,0.65073,0.43805,0.58779,0.22751,0.47936,0.13969,0.41168,0.07827,0.31708,0.07744,0.23089,0.09845,0.16657,0.16231,0.10104,0.26251,0.04937,0.3981,0.01439,0.53271,0.01438,0.66732,0.01437,0.79476,0.0362,0.88755,0.08381,0.93874,0.12312,0.93934,0.17788,0.8924,0.29828,0.83515,0.32764,0.8006,0.32805,0.72617,0.30714,0.65351,0.29029,0.63087,0.29818,0.61488,0.31005,0.60519,0.32518,0.60561,0.3613,0.64584,0.39546,0.8542,0.5028,0.93534,0.58543,0.97205,0.65802,0.97202,0.76283,0.972,0.83577,0.93063,0.88376,0.86989,0.9254,0.76781,0.96432,0.23116,0.67122,0.82956,0.08252,0.81486,0.13456,0.75898,0.22203,0.69677,0.23667,0.58508,0.21637,0.50921,0.23345,0.48939,0.30809,0.5313,0.34186,0.58019,0.37103,0.47946,0.26682,0.73637,0.23713,0.80013,0.50574,0.86469,0.59361,0.87338,0.66429,0.85956,0.75512,0.81267,0.81493,0.77984,0.8371,0.72498,0.8623,0.65298,0.88692,0.55813,0.90274,0.36502,0.90861,0.46519,0.90733,0.21092,0.88043,0.10614,0.83785,0.06265,0.81301],"triangles":[27,49,26,25,26,53,53,24,25,53,26,52,52,26,49,50,49,27,50,27,28,23,24,53,52,49,50,50,28,29,54,23,53,22,23,54,21,22,54,20,21,54,58,19,20,51,52,50,59,52,51,54,58,20,34,53,52,33,34,52,35,53,34,54,53,35,58,54,35,51,50,29,30,51,29,59,51,30,59,33,52,59,32,33,36,55,58,35,36,58,18,19,58,18,58,55,37,55,36,30,31,59,31,32,59,56,55,37,56,37,38,57,56,38,57,38,39,17,18,55,56,16,17,56,17,55,16,56,57,60,39,40,57,39,60,15,16,57,15,57,60,61,40,41,60,40,61,14,15,60,61,14,60,42,62,61,42,61,41,14,61,62,48,8,9,7,8,48,10,48,9,62,13,14,63,13,62,43,62,42,63,62,43,48,73,6,48,6,7,5,6,73,64,13,63,43,64,63,44,64,43,64,12,13,65,12,64,72,73,48,66,12,65,4,73,72,72,48,10,5,73,4,71,72,10,4,72,71,71,10,69,45,64,44,65,64,45,67,12,66,11,12,67,10,11,70,67,68,11,11,68,70,70,69,10,46,65,45,66,65,46,3,4,71,47,66,46,67,66,47,69,3,71,2,3,69,0,68,67,0,67,47,1,69,70,2,69,1,1,70,68,1,68,0],"vertices":[-7.69,-6.17,-7.65,3.97,-6,11.19,-0.68,21.02,6.31,26.22,12.78,29.73,16.87,29.69,30.95,22.56,34.09,19.46,34.06,15.14,26.07,7.25,26.03,5.03,27.19,2.66,28.79,1.09,31.53,0.6,38.92,4.96,51.67,17.52,59.62,22.75,70.71,26.37,80.79,26.37,88.31,25.06,95.96,21.19,101.97,15.14,106.02,6.99,105.97,-1.09,105.93,-9.17,103.33,-16.8,97.73,-22.33,93.11,-25.38,86.71,-25.38,72.64,-22.49,69.22,-19.03,69.18,-16.96,71.66,-12.51,73.65,-8.16,72.73,-6.79,71.35,-5.83,69.58,-5.24,65.36,-5.24,61.35,-7.63,48.72,-20.06,39.03,-24.88,30.52,-27.03,18.26,-26.96,9.72,-26.91,4.12,-24.4,-0.73,-20.73,-5.25,-14.58,29.22,17.43,97.9,-18.86,91.82,-17.94,81.6,-14.53,79.91,-10.79,82.32,-4.1,80.35,0.46,71.62,1.7,67.66,-0.79,64.23,-3.71,76.46,2.27,79.84,-13.16,48.39,-16.82,38.09,-20.63,29.82,-21.11,19.2,-20.22,12.22,-17.37,9.63,-15.38,6.7,-12.07,3.85,-7.74,2.03,-2.04,1.41,9.55,1.52,3.54,4.75,18.78,9.77,25.04,12.69,27.63],"hull":48,"edges":[0,94,0,2,2,4,4,6,10,12,12,14,14,16,16,18,18,20,28,30,30,32,32,34,34,36,36,38,38,40,40,42,42,44,44,46,50,52,52,54,54,56,56,58,58,60,60,62,62,64,74,76,76,78,78,80,80,82,82,84,88,90,90,92,92,94,84,86,86,88,20,22,26,28,24,26,22,24,6,8,8,10,46,48,48,50,52,98,98,100,100,102,52,104,46,106,106,68,104,106,106,108,72,74,70,72,68,70,110,112,112,114,114,78,108,116,116,110,64,66,66,68,104,66,62,118,104,118,118,102,114,120,120,122,122,124,124,126,126,128,128,130,130,132,132,134,134,136,136,140,140,138,138,142,142,144,144,146],"width":60,"height":117}},"Symbol0_KA_T_01":{"Symbol0_KA_T_01":{"type":"mesh","uvs":[0.24077,0.0147,0.6259,0.0147,0.87752,0.0147,0.91528,0.02383,0.98669,0.05916,0.98363,0.30307,0.9752,0.30704,0.77737,0.30704,0.76291,0.30834,0.75982,0.31574,0.75982,0.52453,0.75982,0.72729,0.75982,0.96549,0.71985,0.9853,0.36497,0.98471,0.25772,0.9219,0.25772,0.70149,0.25772,0.50427,0.25772,0.30704,0.14893,0.30676,0.13053,0.30317,0.08343,0.27992,0.01221,0.21237,0.01211,0.03451,0.01231,0.034,0.01273,0.0335,0.01331,0.03307,0.04918,0.01529,0.05004,0.01501,0.05106,0.0148,0.05208,0.0147,0.60623,0.30704,0.59965,0.9215,0.60623,0.9187,0.60623,0.70149,0.60623,0.50427,0.25772,0.2268,0.60623,0.2275,0.6259,0.21756,0.82783,0.21756,0.87124,0.20005,0.85815,0.21294,0.24077,0.21237,0.25691,0.21776],"triangles":[40,1,2,40,2,3,40,3,4,30,25,26,42,22,23,27,28,29,29,30,27,30,26,27,25,30,0,25,23,24,25,0,23,0,42,23,1,40,38,41,39,40,39,38,40,43,0,1,43,1,38,42,0,43,37,36,43,38,37,43,21,22,42,5,40,4,41,40,5,36,20,21,42,36,21,36,42,43,19,20,36,18,19,36,18,36,37,39,8,38,8,37,38,6,41,5,39,41,6,7,39,6,8,31,37,18,37,31,8,39,7,9,31,8,17,18,31,35,31,9,17,31,35,35,9,10,16,17,35,34,35,10,16,35,34,34,10,11,33,34,11,16,34,33,33,15,16,32,15,33,33,11,12,14,15,32,13,33,12,32,33,13,14,32,13],"vertices":[100.02,11.65,100.02,-10.3,100.02,-24.64,98.97,-26.8,94.91,-30.87,66.86,-30.69,66.4,-30.21,66.4,-18.94,66.25,-18.11,65.4,-17.94,41.39,-17.94,18.07,-17.94,-9.32,-17.94,-11.6,-15.66,-11.53,4.57,-4.31,10.68,21.04,10.68,43.72,10.68,66.4,10.68,66.43,16.89,66.85,17.93,69.52,20.62,77.29,24.68,97.74,24.68,97.8,24.67,97.86,24.65,97.91,24.62,99.95,22.57,99.99,22.52,100.01,22.46,100.02,22.41,66.4,-9.18,-4.26,-8.8,-3.94,-9.18,21.04,-9.18,43.72,-9.18,75.63,10.68,75.55,-9.18,76.69,-10.3,76.69,-21.81,78.71,-24.29,77.22,-23.54,77.29,11.65,76.67,10.73],"hull":31,"edges":[46,48,48,50,50,52,52,54,54,56,56,58,58,60,18,16,16,14,6,8,4,6,28,30,26,28,24,26,36,62,30,64,64,66,30,32,68,66,32,68,32,34,34,36,62,70,70,68,34,70,18,20,70,20,20,22,22,24,22,68,36,72,62,74,74,76,76,78,80,4,78,82,82,80,72,86,86,84,44,46,84,44,42,44,0,60,84,0,0,2,2,4,76,2,12,14,8,10,10,12,40,42,36,38,38,40,62,18,64,26],"width":57,"height":115}},"Symbol0_KA_T_02":{"Symbol0_KA_T_02":{"type":"mesh","uvs":[0.26159,0.01523,0.63158,0.01617,0.88707,0.01682,0.91528,0.02383,0.98789,0.0606,0.98789,0.3049,0.98358,0.30704,0.77737,0.30704,0.76448,0.30913,0.75982,0.31574,0.75982,0.41195,0.75982,0.58203,0.75982,0.77376,0.75982,0.96549,0.71985,0.9853,0.36497,0.98471,0.25772,0.9219,0.25772,0.72047,0.25772,0.51904,0.25772,0.34896,0.25772,0.30704,0.13878,0.30694,0.08343,0.27992,0.01211,0.22629,0.01211,0.03451,0.05208,0.0147,0.26159,0.22662,0.63158,0.90182,0.63158,0.22528,0.59362,0.9219,0.84727,0.22528,0.88707,0.21116,0.63158,0.51904,0.63158,0.72047,0.63158,0.34896,0.26159,0.03451,0.63158,0.03451,0.88707,0.03451],"triangles":[36,1,2,35,0,1,37,2,3,36,2,37,36,35,1,25,0,35,24,25,35,4,31,37,4,37,3,36,30,28,31,36,37,31,30,36,23,24,35,28,26,35,23,35,26,28,35,36,22,23,26,31,4,5,30,31,5,21,22,26,20,21,26,7,28,30,6,7,30,5,6,30,8,28,7,8,34,28,34,19,20,9,34,8,20,26,28,28,34,20,34,9,10,32,18,19,32,34,10,32,19,34,32,10,11,17,18,32,33,17,32,11,33,32,33,11,12,27,33,12,17,33,27,27,16,17,29,16,27,27,12,13,29,27,13,15,16,29,14,29,13,15,29,14],"vertices":[100.55,10.75,100.44,-10.34,100.37,-24.9,99.56,-26.51,95.33,-30.65,67.24,-30.65,66.99,-30.4,66.99,-18.65,66.75,-17.91,65.99,-17.65,54.93,-17.65,35.37,-17.65,13.32,-17.65,-8.73,-17.65,-11.01,-15.37,-10.94,4.86,-3.72,10.97,19.45,10.97,42.61,10.97,62.17,10.97,66.99,10.97,67,17.75,70.11,20.91,76.28,24.97,98.33,24.97,100.61,22.69,76.24,10.75,-1.41,-10.34,76.39,-10.34,-3.72,-8.17,76.39,-22.63,78.02,-24.9,42.61,-10.34,19.45,-10.34,62.17,-10.34,98.33,10.75,98.33,-10.34,98.33,-24.9],"hull":26,"edges":[8,10,12,14,52,40,32,58,58,54,56,60,60,62,46,48,48,50,56,52,36,64,64,22,32,34,34,36,54,66,66,64,34,66,22,24,24,26,66,24,36,38,38,40,56,68,68,64,38,68,18,20,20,22,68,20,0,50,0,2,2,4,0,70,70,52,48,70,2,72,72,56,70,72,4,74,74,62,72,74,4,6,6,8,10,12,18,16,16,14,26,28,28,30,30,32,40,42,42,44,44,46],"width":57,"height":115}}}}],"animations":{"Symbol0_KA_scatter":{"slots":{"effects_slot":{"rgba":[{"color":"ffffff00","curve":[0.078,1,0.156,1,0.078,1,0.156,1,0.078,1,0.156,1,0.078,0,0.156,1]},{"time":0.2333,"color":"ffffffff","curve":[0.3,1,0.367,1,0.3,1,0.367,1,0.3,1,0.367,1,0.3,1,0.367,0.52]},{"time":0.4333,"color":"ffffff49","curve":[0.522,1,0.611,1,0.522,1,0.611,1,0.522,1,0.611,1,0.522,-0.03,0.611,0.76]},{"time":0.7,"color":"ffffffff","curve":[0.789,1,0.878,1,0.789,1,0.878,1,0.789,1,0.878,1,0.789,1.24,0.878,0.52]},{"time":0.9667,"color":"ffffff49","curve":[1.056,1,1.144,1,1.056,1,1.144,1,1.056,1,1.144,1,1.056,0.05,1.144,0.76]},{"time":1.2333,"color":"ffffffff","curve":[1.322,1,1.411,1,1.322,1,1.411,1,1.322,1,1.411,1,1.322,1.24,1.411,0.52]},{"time":1.5,"color":"ffffff49","curve":[1.6,1,1.7,1,1.6,1,1.7,1,1.6,1,1.7,1,1.6,0.02,1.7,0.76]},{"time":1.8,"color":"ffffffff","curve":[1.867,1,1.933,1,1.867,1,1.933,1,1.867,1,1.933,1,1.867,1.16,1.933,0]},{"time":2,"color":"ffffff00"}],"attachment":[{"name":"M15 (1)"},{"time":0.1667,"name":"M15 (2)"},{"time":0.3333,"name":"M15 (3)"},{"time":0.5,"name":"M15 (4)"},{"time":0.6667,"name":"M15 (5)"},{"time":0.8333,"name":"M15 (6)"},{"time":1,"name":"M15 (1)"},{"time":1.1667,"name":"M15 (2)"},{"time":1.3333,"name":"M15 (3)"},{"time":1.5,"name":"M15 (4)"},{"time":1.6667,"name":"M15 (5)"},{"time":1.8333,"name":"M15 (6)"},{"time":2,"name":"M15 (2)"}]},"effects_slot2":{"attachment":[{"name":"M15 (1)"},{"time":0.1667,"name":"M15 (2)"},{"time":0.3333,"name":"M15 (3)"},{"time":0.5,"name":"M15 (4)"},{"time":0.6667,"name":"M15 (5)"},{"time":0.8333,"name":"M15 (6)"},{"time":1,"name":"M15 (1)"},{"time":1.1667,"name":"M15 (2)"},{"time":1.3333,"name":"M15 (3)"},{"time":1.5,"name":"M15 (4)"},{"time":1.6667,"name":"M15 (5)"},{"time":1.8333,"name":"M15 (6)"},{"time":2,"name":"M15 (2)"}]},"kobi_eyes":{"attachment":[{"time":0.3333,"name":"kobi_eyes_close"},{"time":1,"name":"kobi_eyes_open"}]},"RotateLight_006":{"rgba":[{"color":"ffffff00","curve":[0.056,1,0.111,1,0.056,1,0.111,1,0.056,1,0.111,1,0.056,0,0.111,0.26]},{"time":0.1667,"color":"ffffff41"},{"time":0.4333,"color":"ffffffff"},{"time":0.7,"color":"ffffff41"},{"time":0.9667,"color":"ffffffff"},{"time":1.2333,"color":"ffffff41"},{"time":1.5,"color":"ffffffff","curve":"stepped"},{"time":1.8333,"color":"ffffffff","curve":[1.889,1,1.944,1,1.889,1,1.944,1,1.889,1,1.944,1,1.889,1,1.944,0]},{"time":2,"color":"ffffff00"}]},"RotateLight_007":{"rgba":[{"color":"ffffff00","curve":[0.056,1,0.111,1,0.056,1,0.111,1,0.056,1,0.111,1,0.056,0,0.111,1]},{"time":0.1667,"color":"ffffffff","curve":"stepped"},{"time":1.8333,"color":"ffffffff","curve":[1.889,1,1.944,1,1.889,1,1.944,1,1.889,1,1.944,1,1.889,1,1.944,0]},{"time":2,"color":"ffffff00"}]}},"bones":{"effects":{"scale":[{"x":0,"y":0,"curve":[0.078,0,0.156,1,0.078,0,0.156,1]},{"time":0.2333,"curve":"stepped"},{"time":1.7667,"curve":[1.844,1,1.922,0,1.844,1,1.922,0]},{"time":2,"x":0,"y":0}]},"effects_rotate":{"rotate":[{"value":174.54,"curve":[0.111,174.54,0.327,223.29]},{"time":0.5333,"value":264.54,"curve":[0.74,305.79,0.917,339.54]},{"time":1,"value":354.54,"curve":[1.165,384.54,1.368,414.54]},{"time":1.5333,"value":444.54,"curve":[1.699,474.54,1.835,504.54]},{"time":2,"value":534.54}],"scale":[{"curve":[0.056,1,0.146,0.179,0.056,1,0.146,0.179]},{"time":0.1667,"x":0,"y":0},{"time":0.3333,"x":0.83,"y":0.83,"curve":"stepped"},{"time":1.6667,"x":0.83,"y":0.83},{"time":1.8333,"x":0,"y":0,"curve":[1.855,0.183,1.944,1,1.855,0.183,1.944,1]},{"time":2}]},"kobi_head5":{"translate":[{},{"time":0.1667,"x":14.56,"y":0.54},{"time":0.5333}]},"kobi_head6":{"translate":[{},{"time":0.1667,"x":14.57,"y":0.17},{"time":0.5333}]},"kobi_body2":{"rotate":[{"time":0.0333,"curve":[0.122,0,0.139,8.01]},{"time":0.3333,"value":8.01,"curve":[0.528,8.01,0.739,2.67]},{"time":0.9333}],"translate":[{"time":0.1667,"curve":[0.255,0,0.345,-10.97,0.255,0,0.345,0.15]},{"time":0.4333,"x":-10.97,"y":0.15,"curve":[0.522,-10.97,0.672,-3.66,0.522,0.15,0.672,0.05]},{"time":0.8667}]},"kobi_body3":{"translate":[{},{"time":0.1667,"x":8.23,"y":-0.11},{"time":0.3333}]},"kobi_body4":{"translate":[{},{"time":0.1667,"x":8.23,"y":-0.11},{"time":0.3333}]},"kobi_body5":{"translate":[{"time":0.2},{"time":0.4333,"x":1.22,"y":-4.62},{"time":0.7667}]},"kobi_head3":{"translate":[{},{"time":0.1667,"x":4.62,"y":3.81},{"time":0.5}]},"kobi_head4":{"translate":[{},{"time":0.1667,"x":8.98,"y":-2.37},{"time":0.5}]},"kobi_body":{"scale":[{"time":0.3333,"curve":[0.389,1,0.479,1.044,0.389,1,0.479,1.044]},{"time":0.5,"x":1.054,"y":1.054,"curve":[0.555,1.081,0.611,1.018,0.555,1.081,0.611,1.018]},{"time":0.6667}]},"kobi_head2":{"translate":[{},{"time":0.1667,"x":3.07,"y":0.02,"curve":"stepped"},{"time":0.5667,"x":3.07,"y":0.02},{"time":0.8333}]},"kobi_hand":{"rotate":[{},{"time":0.3333,"value":8.55},{"time":0.6667}],"translate":[{"x":-11.43,"y":13.67,"curve":[0.111,-11.43,0.222,-8.88,0.111,13.67,0.222,23.53]},{"time":0.3333,"x":-8.88,"y":23.53,"curve":[0.444,-8.88,0.556,4.07,0.444,23.53,0.556,11.23]},{"time":0.6667,"x":4.07,"y":11.23}]},"kobi_hand4":{"rotate":[{"value":25.23},{"time":0.3333,"value":-0.05},{"time":0.6667,"value":25.23}]},"kobi_hand2":{"rotate":[{"curve":[0.078,0,0.156,12.25]},{"time":0.2333,"value":12.25,"curve":[0.311,12.25,0.389,4.08]},{"time":0.4667}],"scale":[{"time":0.1667,"curve":[0.222,1,0.278,0.907,0.222,1,0.278,1]},{"time":0.3333,"x":0.907,"curve":[0.389,0.907,0.444,0.969,0.389,1,0.444,1]},{"time":0.5}]},"kobi_hand5":{"rotate":[{"time":0.1667,"curve":[0.222,0,0.278,-13.93]},{"time":0.3333,"value":-13.93,"curve":[0.389,-13.93,0.444,-3.42]},{"time":0.5}],"scale":[{"time":0.1667,"curve":[0.222,1,0.278,1.171,0.222,1,0.278,1]},{"time":0.3333,"x":1.171,"curve":[0.389,1.171,0.444,1.057,0.389,1,0.444,1]},{"time":0.5}]},"Symbol0_KA_coffee_01":{"rotate":[{"value":-14.46,"curve":[0.111,-14.46,0.222,-17.81]},{"time":0.3333,"value":-17.81,"curve":[0.444,-17.81,0.556,-14.46]},{"time":0.6667,"value":-14.46}],"translate":[{"x":-69.18,"y":16.25,"curve":[0.111,-69.18,0.222,-4.35,0.111,16.25,0.222,-8.18]},{"time":0.3333,"x":-4.35,"y":-8.18,"curve":[0.444,-4.35,0.556,-30.46,0.444,-8.18,0.556,24.71]},{"time":0.6667,"x":-30.46,"y":24.71,"curve":"stepped"},{"time":1,"x":-30.46,"y":24.71,"curve":[1.317,-50.06,1.556,-69.18,1.317,20.43,1.556,16.25]},{"time":2,"x":-69.18,"y":16.25}],"scale":[{"x":0.452,"y":0.452,"curve":[0.13,0.452,0.13,1,0.13,0.452,0.13,1]},{"time":0.3,"curve":[0.446,1,0.588,0.452,0.446,1,0.588,0.452]},{"time":0.7333,"x":0.452,"y":0.452}]},"coffee_rotate":{"scale":[{"x":1.115,"y":1.115,"curve":"stepped"},{"time":0.1667,"x":1.115,"y":1.115,"curve":[0.222,1.115,0.278,1.215,0.222,1.115,0.278,1.215]},{"time":0.3333,"x":1.215,"y":1.215,"curve":[0.389,1.215,0.434,1.115,0.389,1.215,0.434,1.115]},{"time":0.5,"x":1.115,"y":1.115,"curve":"stepped"},{"time":1.6,"x":1.115,"y":1.115,"curve":[1.644,1.115,1.689,0.884,1.644,1.115,1.689,0.884]},{"time":1.7333,"x":0.884,"y":0.884,"curve":[1.772,0.884,1.828,1.115,1.772,0.884,1.828,1.115]},{"time":1.8667,"x":1.115,"y":1.115}]},"kobi_coffee":{"scale":[{"time":0.3667,"curve":[0.444,1,0.517,0.797,0.444,1,0.517,0.797]},{"time":0.6,"x":0.8,"y":0.8,"curve":[0.678,0.803,0.756,1,0.678,0.803,0.756,1]},{"time":0.8333,"curve":[0.911,1,0.989,0.8,0.911,1,0.989,0.8]},{"time":1.0667,"x":0.8,"y":0.8,"curve":[1.144,0.8,1.222,1,1.144,0.8,1.222,1]},{"time":1.3}]},"kobi_coffee2":{"scale":[{"time":0.5,"curve":[0.578,1,0.65,0.797,0.578,1,0.65,0.797]},{"time":0.7333,"x":0.8,"y":0.8,"curve":[0.811,0.803,0.889,1,0.811,0.803,0.889,1]},{"time":0.9667,"curve":[1.044,1,1.122,0.8,1.044,1,1.122,0.8]},{"time":1.2,"x":0.8,"y":0.8,"curve":[1.278,0.8,1.356,1,1.278,0.8,1.356,1]},{"time":1.4333}]},"kobi_coffee3":{"scale":[{"time":0.2667,"curve":[0.344,1,0.417,0.797,0.344,1,0.417,0.797]},{"time":0.5,"x":0.8,"y":0.8,"curve":[0.578,0.803,0.656,1,0.578,0.803,0.656,1]},{"time":0.7333,"curve":[0.811,1,0.889,0.8,0.811,1,0.889,0.8]},{"time":0.9667,"x":0.8,"y":0.8,"curve":[1.044,0.8,1.122,1,1.044,0.8,1.122,1]},{"time":1.2}]},"kobi_coffee4":{"scale":[{"time":0.4,"curve":[0.478,1,0.55,0.797,0.478,1,0.55,0.797]},{"time":0.6333,"x":0.8,"y":0.8,"curve":[0.711,0.803,0.789,1,0.711,0.803,0.789,1]},{"time":0.8667,"curve":[0.944,1,1.022,0.8,0.944,1,1.022,0.8]},{"time":1.1,"x":0.8,"y":0.8,"curve":[1.178,0.8,1.256,1,1.178,0.8,1.256,1]},{"time":1.3333}]},"kobi_coffee5":{"scale":[{"time":0.4667,"curve":[0.544,1,0.617,0.797,0.544,1,0.617,0.797]},{"time":0.7,"x":0.8,"y":0.8,"curve":[0.778,0.803,0.856,1,0.778,0.803,0.856,1]},{"time":0.9333,"curve":[1.011,1,1.089,0.8,1.011,1,1.089,0.8]},{"time":1.1667,"x":0.8,"y":0.8,"curve":[1.244,0.8,1.322,1,1.244,0.8,1.322,1]},{"time":1.4}]},"kobi_hand3":{"scale":[{"time":0.1667,"curve":[0.222,1,0.278,0.485,0.222,1,0.278,1]},{"time":0.3333,"x":0.485,"curve":[0.389,0.485,0.444,0.828,0.389,1,0.444,1]},{"time":0.5}]},"scatter":{"scale":[{"time":0.3333,"curve":[0.394,1,0.415,1.258,0.394,1,0.415,1.258]},{"time":0.5,"x":1.258,"y":1.258,"curve":[0.601,1.258,0.608,0.999,0.601,1.258,0.608,0.999]},{"time":0.6667,"curve":[0.778,1.001,0.983,1.319,0.778,1.001,1.001,1]},{"time":1.1,"x":1.32,"curve":[1.188,1.32,1.199,1,1.183,1,1.199,1]},{"time":1.3333,"curve":[1.42,1,1.567,1.5,1.42,1,1.567,1.497]},{"time":1.5667,"x":1.258,"y":1.258,"curve":[1.567,1.159,1.652,1.001,1.567,1.159,1.652,1.001]},{"time":1.8,"curve":[1.929,1,1.85,1,1.929,1,1.85,1]},{"time":2}]},"Symbol0_KA_S":{"scale":[{"time":0.7333,"curve":[0.767,1,0.8,1.282,0.767,1,0.8,1]},{"time":0.8333,"x":1.282,"curve":[0.867,1.282,0.9,1.067,0.867,1,0.9,1]},{"time":0.9333}]},"Symbol0_KA_C":{"scale":[{"time":0.8,"curve":[0.833,1,0.867,1.282,0.833,1,0.867,1]},{"time":0.9,"x":1.282,"curve":[0.933,1.282,0.967,1.067,0.933,1,0.967,1]},{"time":1}]},"Symbol0_KA_A":{"scale":[{"time":0.8667,"curve":[0.9,1,0.933,1.282,0.9,1,0.933,1]},{"time":0.9667,"x":1.282,"curve":[1,1.282,1.033,1.067,1,1,1.033,1]},{"time":1.0667}]},"Symbol0_KA_T_02":{"scale":[{"time":0.9333,"curve":[0.967,1,1,1.282,0.967,1,1,1]},{"time":1.0333,"x":1.282,"curve":[1.067,1.282,1.1,1.067,1.067,1,1.1,1]},{"time":1.1333}]},"Symbol0_KA_T_01":{"scale":[{"time":1,"curve":[1.033,1,1.067,1.282,1.033,1,1.067,1]},{"time":1.1,"x":1.282,"curve":[1.133,1.282,1.167,1.067,1.133,1,1.167,1]},{"time":1.2}]},"Symbol0_KA_E":{"scale":[{"time":1.0667,"curve":[1.1,1,1.133,1.282,1.1,1,1.133,1]},{"time":1.1667,"x":1.282,"curve":[1.2,1.282,1.233,1.067,1.2,1,1.233,1]},{"time":1.2667}]},"Symbol0_KA_R":{"scale":[{"time":1.1333,"curve":[1.167,1,1.2,1.282,1.167,1,1.2,1]},{"time":1.2333,"x":1.282,"curve":[1.267,1.282,1.3,1.067,1.267,1,1.3,1]},{"time":1.3333}]},"Symbol0_KA":{"scale":[{"time":0.3,"curve":[0.383,1.005,0.4,1.201,0.383,1.005,0.4,1.201]},{"time":0.465,"x":1.201,"y":1.201,"curve":[0.534,1.201,0.566,1.002,0.534,1.201,0.566,1.002]},{"time":0.6667,"curve":[1.037,0.992,1.63,1,1.037,0.992,1.63,1]},{"time":2}]}}}}}